z_cm,pb_n2n,nXt
5.00000000e-02,6.41957715e-03,2.55601176e-03
1.50000000e-01,6.39126666e-03,2.55369257e-03
2.50000000e-01,6.35413417e-03,2.55112099e-03
3.50000000e-01,6.32584305e-03,2.57119171e-03
4.50000000e-01,6.23680089e-03,2.55006468e-03
5.50000000e-01,6.20665499e-03,2.54556108e-03
6.50000000e-01,6.18240693e-03,2.52823083e-03
7.50000000e-01,6.15573639e-03,2.54818827e-03
8.50000000e-01,6.11915760e-03,2.55578503e-03
9.50000000e-01,6.08720760e-03,2.54175419e-03
1.05000000e+00,6.05104991e-03,2.54948700e-03
1.15000000e+00,6.01646311e-03,2.56266740e-03
1.25000000e+00,5.99131965e-03,2.55098607e-03
1.35000000e+00,5.95498656e-03,2.53544734e-03
1.45000000e+00,5.94347612e-03,2.55188599e-03
1.55000000e+00,5.92819324e-03,2.56661146e-03
1.65000000e+00,5.93136553e-03,2.58638706e-03
1.75000000e+00,5.88405255e-03,2.56473650e-03
1.85000000e+00,5.83684705e-03,2.57976881e-03
1.95000000e+00,5.82118414e-03,2.56066659e-03
2.05000000e+00,5.81379819e-03,2.57967014e-03
2.15000000e+00,5.80833049e-03,2.56952679e-03
2.25000000e+00,5.79569422e-03,2.56822513e-03
2.35000000e+00,5.70596043e-03,2.58201387e-03
2.45000000e+00,5.65562421e-03,2.57784098e-03
2.55000000e+00,5.65321129e-03,2.60114068e-03
2.65000000e+00,5.53208203e-03,2.55717116e-03
2.75000000e+00,5.49664693e-03,2.54871842e-03
2.85000000e+00,5.47705175e-03,2.54518083e-03
2.95000000e+00,5.47257818e-03,2.54422754e-03
3.05000000e+00,5.45051296e-03,2.55568775e-03
3.15000000e+00,5.40112240e-03,2.54879703e-03
3.25000000e+00,5.35493787e-03,2.54328150e-03
3.35000000e+00,5.29060176e-03,2.56099116e-03
3.45000000e+00,5.21327911e-03,2.55734404e-03
3.55000000e+00,5.18081078e-03,2.52170783e-03
3.65000000e+00,5.15487840e-03,2.52468186e-03
3.75000000e+00,5.09938655e-03,2.54407854e-03
3.85000000e+00,5.06067015e-03,2.54051341e-03
3.95000000e+00,5.02685890e-03,2.54606047e-03
4.05000000e+00,4.98940773e-03,2.53889061e-03
4.15000000e+00,4.95526725e-03,2.52483327e-03
4.25000000e+00,4.95742341e-03,2.53137302e-03
4.35000000e+00,4.90478023e-03,2.52965482e-03
4.45000000e+00,4.88308342e-03,2.50867827e-03
4.55000000e+00,4.90715055e-03,2.52618086e-03
4.65000000e+00,4.87896491e-03,2.51430290e-03
4.75000000e+00,4.83319821e-03,2.54593900e-03
4.85000000e+00,4.80282768e-03,2.53542508e-03
4.95000000e+00,4.80026081e-03,2.54176521e-03
5.05000000e+00,4.74795828e-03,2.54090308e-03
5.15000000e+00,4.69717961e-03,2.51007204e-03
5.25000000e+00,4.66571794e-03,2.49605000e-03
5.35000000e+00,4.64236863e-03,2.50161666e-03
5.45000000e+00,4.60135017e-03,2.53075695e-03
5.55000000e+00,4.58580694e-03,2.50575754e-03
5.65000000e+00,4.73580933e-03,2.52320942e-03
5.75000000e+00,4.53906888e-03,2.53003852e-03
5.85000000e+00,4.56344415e-03,2.50114343e-03
5.95000000e+00,4.56801137e-03,2.49901538e-03
6.05000000e+00,4.52311567e-03,2.48987529e-03
6.15000000e+00,4.45732631e-03,2.46828683e-03
6.25000000e+00,4.39377783e-03,2.48086831e-03
6.35000000e+00,4.35155063e-03,2.48632051e-03
6.45000000e+00,4.38718478e-03,2.48734345e-03
6.55000000e+00,4.35995938e-03,2.50556110e-03
6.65000000e+00,4.37468579e-03,2.50057605e-03
6.75000000e+00,4.29548360e-03,2.48924640e-03
6.85000000e+00,4.28543548e-03,2.47950786e-03
6.95000000e+00,4.18972724e-03,2.46790819e-03
7.05000000e+00,4.15643224e-03,2.48564646e-03
7.15000000e+00,4.08461422e-03,2.45418551e-03
7.25000000e+00,4.02843756e-03,2.45551317e-03
7.35000000e+00,3.99844728e-03,2.42435546e-03
7.45000000e+00,4.03292652e-03,2.46722996e-03
7.55000000e+00,4.00949492e-03,2.46038668e-03
7.65000000e+00,4.02136037e-03,2.44289270e-03
7.75000000e+00,4.03245689e-03,2.44157993e-03
7.85000000e+00,3.98555495e-03,2.42989679e-03
7.95000000e+00,3.94376056e-03,2.44981064e-03
8.05000000e+00,3.92610783e-03,2.44966652e-03
8.15000000e+00,3.92105753e-03,2.42987125e-03
8.25000000e+00,3.89573000e-03,2.43133311e-03
8.35000000e+00,3.91492721e-03,2.44281643e-03
8.45000000e+00,3.76611091e-03,2.43907409e-03
8.55000000e+00,3.85943064e-03,2.44395706e-03
8.65000000e+00,3.71699071e-03,2.43867883e-03
8.75000000e+00,3.68693531e-03,2.42239518e-03
8.85000000e+00,3.67461616e-03,2.43817546e-03
8.95000000e+00,3.62788521e-03,2.41176451e-03
9.05000000e+00,3.57801510e-03,2.40622205e-03
9.15000000e+00,3.55068271e-03,2.39686903e-03
9.25000000e+00,3.52213195e-03,2.40813897e-03
9.35000000e+00,3.48706741e-03,2.40831941e-03
9.45000000e+00,3.45140663e-03,2.41808676e-03
9.55000000e+00,3.43766855e-03,2.41592967e-03
9.65000000e+00,3.40311305e-03,2.39665622e-03
9.75000000e+00,3.38021954e-03,2.41148258e-03
9.85000000e+00,3.32216179e-03,2.40910894e-03
9.95000000e+00,3.27936892e-03,2.40154400e-03
1.00500000e+01,3.30830202e-03,2.37584043e-03
1.01500000e+01,3.28645000e-03,2.36790555e-03
1.02500000e+01,3.35077648e-03,2.37428016e-03
1.03500000e+01,3.17644761e-03,2.35898537e-03
1.04500000e+01,3.12126379e-03,2.38079237e-03
1.05500000e+01,3.09214196e-03,2.38277391e-03
1.06500000e+01,3.07533819e-03,2.35399718e-03
1.07500000e+01,3.04140199e-03,2.35483785e-03
1.08500000e+01,3.03733393e-03,2.37484028e-03
1.09500000e+01,3.00274922e-03,2.37091727e-03
1.10500000e+01,2.99817379e-03,2.36126986e-03
1.11500000e+01,2.98852244e-03,2.34992501e-03
1.12500000e+01,2.97595048e-03,2.34560632e-03
1.13500000e+01,2.99224911e-03,2.35222942e-03
1.14500000e+01,2.97284181e-03,2.35374536e-03
1.15500000e+01,2.90586709e-03,2.35264559e-03
1.16500000e+01,2.83746844e-03,2.35577083e-03
1.17500000e+01,2.81117102e-03,2.36591793e-03
1.18500000e+01,2.80204082e-03,2.36090527e-03
1.19500000e+01,2.76957024e-03,2.35583876e-03
1.20500000e+01,2.75791263e-03,2.37186727e-03
1.21500000e+01,2.75386266e-03,2.36411252e-03
1.22500000e+01,2.75433189e-03,2.34053515e-03
1.23500000e+01,2.75755968e-03,2.34217829e-03
1.24500000e+01,2.74393384e-03,2.30254201e-03
1.25500000e+01,2.73899305e-03,2.30700233e-03
1.26500000e+01,2.68744234e-03,2.33665315e-03
1.27500000e+01,2.66179651e-03,2.31985100e-03
1.28500000e+01,2.64301089e-03,2.30993019e-03
1.29500000e+01,2.61204134e-03,2.31452645e-03
1.30500000e+01,2.60934546e-03,2.32329624e-03
1.31500000e+01,2.59008444e-03,2.33375775e-03
1.32500000e+01,2.55910701e-03,2.31655207e-03
1.33500000e+01,2.53642204e-03,2.30796926e-03
1.34500000e+01,2.50391291e-03,2.30332116e-03
1.35500000e+01,2.46867008e-03,2.30546564e-03
1.36500000e+01,2.43918151e-03,2.31334092e-03
1.37500000e+01,2.41529966e-03,2.29250907e-03
1.38500000e+01,2.37974511e-03,2.28659803e-03
1.39500000e+01,2.38098643e-03,2.30478589e-03
1.40500000e+01,2.38030184e-03,2.30509131e-03
1.41500000e+01,2.38564227e-03,2.28731740e-03
1.42500000e+01,2.36229597e-03,2.26132583e-03
1.43500000e+01,2.33401354e-03,2.26103221e-03
1.44500000e+01,2.30028954e-03,2.28466085e-03
1.45500000e+01,2.29879505e-03,2.28163207e-03
1.46500000e+01,2.27651203e-03,2.27148544e-03
1.47500000e+01,2.23820772e-03,2.25887190e-03
1.48500000e+01,2.22215814e-03,2.23991444e-03
1.49500000e+01,2.21958424e-03,2.23947313e-03
1.50500000e+01,2.22997380e-03,2.24942608e-03
1.51500000e+01,2.20387542e-03,2.24537221e-03
1.52500000e+01,2.18569786e-03,2.24392117e-03
1.53500000e+01,2.17765271e-03,2.23612131e-03
1.54500000e+01,2.16866199e-03,2.24095310e-03
1.55500000e+01,2.15603099e-03,2.23264972e-03
1.56500000e+01,2.17711081e-03,2.22463859e-03
1.57500000e+01,2.14650633e-03,2.23715406e-03
1.58500000e+01,2.08101191e-03,2.23596084e-03
1.59500000e+01,2.06602305e-03,2.23830715e-03
1.60500000e+01,2.05367673e-03,2.21217965e-03
1.61500000e+01,2.02908710e-03,2.20954826e-03
1.62500000e+01,2.01327481e-03,2.21066160e-03
1.63500000e+01,2.00659537e-03,2.22715905e-03
1.64500000e+01,1.99946561e-03,2.21773767e-03
1.65500000e+01,1.98666568e-03,2.21145108e-03
1.66500000e+01,1.99710559e-03,2.21078531e-03
1.67500000e+01,2.01823586e-03,2.21236482e-03
1.68500000e+01,1.97305212e-03,2.21965671e-03
1.69500000e+01,1.96752226e-03,2.21812573e-03
1.70500000e+01,1.97657145e-03,2.22121387e-03
1.71500000e+01,1.95290481e-03,2.18570080e-03
1.72500000e+01,1.90047590e-03,2.19190239e-03
1.73500000e+01,1.86443694e-03,2.16419315e-03
1.74500000e+01,1.82155338e-03,2.15956607e-03
1.75500000e+01,1.79286613e-03,2.15898417e-03
1.76500000e+01,1.78668681e-03,2.17805570e-03
1.77500000e+01,1.77442307e-03,2.16751682e-03
1.78500000e+01,1.75857911e-03,2.15412136e-03
1.79500000e+01,1.75989493e-03,2.16876591e-03
1.80500000e+01,1.80979016e-03,2.19079804e-03
1.81500000e+01,1.76159217e-03,2.15115532e-03
1.82500000e+01,1.73848361e-03,2.17870338e-03
1.83500000e+01,1.73247779e-03,2.17872765e-03
1.84500000e+01,1.72888375e-03,2.16162342e-03
1.85500000e+01,1.71937306e-03,2.15505247e-03
1.86500000e+01,1.70694778e-03,2.15886997e-03
1.87500000e+01,1.68491328e-03,2.16236053e-03
1.88500000e+01,1.66088918e-03,2.18095401e-03
1.89500000e+01,1.65237183e-03,2.18263841e-03
1.90500000e+01,1.64309930e-03,2.16164900e-03
1.91500000e+01,1.63819087e-03,2.17050262e-03
1.92500000e+01,1.74205987e-03,2.15305373e-03
1.93500000e+01,1.57449325e-03,2.14126072e-03
1.94500000e+01,1.55504670e-03,2.14026691e-03
1.95500000e+01,1.54972158e-03,2.16269991e-03
1.96500000e+01,1.55642477e-03,2.13162878e-03
1.97500000e+01,1.52493407e-03,2.10528173e-03
1.98500000e+01,1.50545874e-03,2.10646852e-03
1.99500000e+01,1.50459229e-03,2.12915761e-03
2.00500000e+01,1.50068232e-03,2.12204813e-03
2.01500000e+01,1.47857259e-03,2.13809353e-03
2.02500000e+01,1.46659932e-03,2.13106705e-03
2.03500000e+01,1.44206283e-03,2.12041027e-03
2.04500000e+01,1.43053345e-03,2.11497516e-03
2.05500000e+01,1.42838127e-03,2.12177910e-03
2.06500000e+01,1.41912806e-03,2.13389661e-03
2.07500000e+01,1.39272737e-03,2.12863801e-03
2.08500000e+01,1.37165650e-03,2.11360216e-03
2.09500000e+01,1.36420896e-03,2.12784271e-03
2.10500000e+01,1.35912543e-03,2.09842713e-03
2.11500000e+01,1.33591084e-03,2.12321045e-03
2.12500000e+01,1.33410739e-03,2.08635013e-03
2.13500000e+01,1.33731645e-03,2.07119208e-03
2.14500000e+01,1.33168047e-03,2.08020448e-03
2.15500000e+01,1.32944318e-03,2.07669325e-03
2.16500000e+01,1.34480351e-03,2.07316395e-03
2.17500000e+01,1.29074932e-03,2.06262860e-03
2.18500000e+01,1.26584198e-03,2.03608310e-03
2.19500000e+01,1.25449400e-03,2.05379834e-03
2.20500000e+01,1.24656865e-03,2.03489710e-03
2.21500000e+01,1.23360773e-03,2.02469669e-03
2.22500000e+01,1.23100662e-03,2.03291158e-03
2.23500000e+01,1.22932207e-03,2.02176374e-03
2.24500000e+01,1.22581933e-03,2.02187586e-03
2.25500000e+01,1.21879156e-03,2.04304674e-03
2.26500000e+01,1.25974871e-03,2.04615236e-03
2.27500000e+01,1.36394397e-03,2.03791974e-03
2.28500000e+01,1.25990501e-03,2.03806250e-03
2.29500000e+01,1.24639505e-03,2.05049812e-03
2.30500000e+01,1.21373975e-03,2.04804395e-03
2.31500000e+01,1.15941213e-03,2.05042346e-03
2.32500000e+01,1.14301836e-03,2.03951084e-03
2.33500000e+01,1.13648790e-03,2.01702113e-03
2.34500000e+01,1.12862767e-03,2.00341488e-03
2.35500000e+01,1.11633370e-03,2.00638909e-03
2.36500000e+01,1.11045230e-03,1.98941400e-03
2.37500000e+01,1.10636558e-03,1.98364576e-03
2.38500000e+01,1.10306241e-03,1.97019012e-03
2.39500000e+01,1.09443331e-03,1.95579513e-03
2.40500000e+01,1.07998837e-03,1.96478851e-03
2.41500000e+01,1.07582182e-03,1.96218408e-03
2.42500000e+01,1.10079569e-03,1.96666755e-03
2.43500000e+01,1.12187208e-03,2.00042223e-03
2.44500000e+01,1.12750550e-03,2.01175393e-03
2.45500000e+01,1.08060326e-03,1.99326240e-03
2.46500000e+01,1.09486430e-03,1.99721601e-03
2.47500000e+01,1.07463121e-03,1.98829230e-03
2.48500000e+01,1.09784953e-03,1.98771386e-03
2.49500000e+01,1.05903447e-03,1.96747377e-03
2.50500000e+01,1.02045276e-03,1.98237779e-03
2.51500000e+01,9.94735338e-04,1.99215602e-03
2.52500000e+01,9.67073268e-04,1.97706326e-03
2.53500000e+01,9.63493199e-04,1.96938545e-03
2.54500000e+01,9.61061760e-04,1.99656150e-03
2.55500000e+01,9.36598890e-04,1.99629980e-03
2.56500000e+01,9.22589896e-04,1.96827219e-03
2.57500000e+01,9.13781870e-04,1.95915070e-03
2.58500000e+01,9.02886354e-04,1.95810991e-03
2.59500000e+01,9.23205321e-04,1.96570954e-03
2.60500000e+01,9.13427267e-04,1.97837109e-03
2.61500000e+01,8.83062566e-04,1.96109995e-03
2.62500000e+01,8.76250043e-04,1.96717678e-03
2.63500000e+01,8.66862245e-04,1.95371115e-03
2.64500000e+01,8.65105230e-04,1.95671444e-03
2.65500000e+01,8.55518056e-04,1.97149894e-03
2.66500000e+01,8.42966872e-04,1.94865198e-03
2.67500000e+01,8.35830680e-04,1.96269788e-03
2.68500000e+01,8.24199484e-04,1.96175122e-03
2.69500000e+01,8.21848937e-04,1.95144564e-03
2.70500000e+01,8.18014044e-04,1.96019975e-03
2.71500000e+01,8.11003090e-04,1.96391478e-03
2.72500000e+01,8.03077992e-04,1.98375088e-03
2.73500000e+01,7.98138790e-04,1.98172538e-03
2.74500000e+01,7.99244875e-04,1.94442088e-03
2.75500000e+01,7.97541336e-04,1.93512842e-03
2.76500000e+01,7.92179361e-04,1.95282603e-03
2.77500000e+01,7.68959968e-04,1.95868414e-03
2.78500000e+01,7.56718099e-04,1.94465971e-03
2.79500000e+01,7.54851634e-04,1.95296501e-03
2.80500000e+01,7.44158035e-04,1.97193286e-03
2.81500000e+01,7.33906866e-04,1.95541652e-03
2.82500000e+01,7.32312089e-04,1.95311821e-03
2.83500000e+01,7.14906378e-04,1.96017316e-03
2.84500000e+01,7.09439830e-04,1.97271581e-03
2.85500000e+01,7.62555311e-04,1.96693069e-03
2.86500000e+01,7.34633075e-04,1.96344409e-03
2.87500000e+01,6.90948002e-04,1.93879881e-03
2.88500000e+01,6.84243864e-04,1.92708721e-03
2.89500000e+01,6.98476570e-04,1.92496178e-03
2.90500000e+01,6.91360132e-04,1.93237806e-03
2.91500000e+01,6.70510384e-04,1.91149471e-03
2.92500000e+01,6.64653990e-04,1.90914655e-03
2.93500000e+01,6.62946205e-04,1.89863302e-03
2.94500000e+01,6.42811995e-04,1.88678336e-03
2.95500000e+01,6.13034462e-04,1.87976950e-03
2.96500000e+01,6.05935881e-04,1.86919499e-03
2.97500000e+01,6.05070665e-04,1.87003825e-03
2.98500000e+01,5.92297260e-04,1.88174875e-03
2.99500000e+01,5.84185253e-04,1.89022138e-03
3.00500000e+01,5.81018811e-04,1.88283017e-03
3.01500000e+01,5.77553843e-04,1.86075439e-03
3.02500000e+01,5.66188923e-04,1.86270521e-03
3.03500000e+01,5.62298998e-04,1.85574659e-03
3.04500000e+01,5.57359354e-04,1.86638032e-03
3.05500000e+01,5.55545827e-04,1.88252789e-03
3.06500000e+01,5.51524786e-04,1.87831571e-03
3.07500000e+01,5.44927308e-04,1.87367348e-03
3.08500000e+01,5.35450653e-04,1.85735620e-03
3.09500000e+01,5.26800455e-04,1.85376738e-03
3.10500000e+01,5.18758103e-04,1.86097722e-03
3.11500000e+01,5.12918325e-04,1.85803514e-03
3.12500000e+01,5.10725271e-04,1.84863076e-03
3.13500000e+01,5.10163617e-04,1.85713624e-03
3.14500000e+01,5.04867984e-04,1.85946688e-03
3.15500000e+01,4.89549468e-04,1.86471633e-03
3.16500000e+01,4.82799030e-04,1.85027237e-03
3.17500000e+01,4.84428889e-04,1.83530476e-03
3.18500000e+01,4.86428691e-04,1.83554031e-03
3.19500000e+01,4.86965181e-04,1.84301022e-03
3.20500000e+01,4.85385707e-04,1.82734050e-03
3.21500000e+01,4.96029454e-04,1.84206193e-03
3.22500000e+01,4.86718815e-04,1.82566924e-03
3.23500000e+01,4.77739520e-04,1.83146104e-03
3.24500000e+01,4.71677001e-04,1.83083832e-03
3.25500000e+01,4.66618026e-04,1.82656563e-03
3.26500000e+01,4.63407980e-04,1.80382029e-03
3.27500000e+01,4.56479509e-04,1.82330542e-03
3.28500000e+01,4.52505231e-04,1.82405406e-03
3.29500000e+01,4.48398174e-04,1.83878535e-03
3.30500000e+01,4.41637559e-04,1.83941152e-03
3.31500000e+01,4.36738325e-04,1.81693857e-03
3.32500000e+01,4.32568531e-04,1.82204778e-03
3.33500000e+01,4.21535928e-04,1.79796089e-03
3.34500000e+01,4.12313173e-04,1.79369017e-03
3.35500000e+01,4.16763401e-04,1.80001389e-03
3.36500000e+01,4.13453664e-04,1.80861642e-03
3.37500000e+01,4.10742547e-04,1.81583512e-03
3.38500000e+01,4.11274275e-04,1.80165568e-03
3.39500000e+01,4.13479979e-04,1.79434224e-03
3.40500000e+01,4.21433779e-04,1.79494932e-03
3.41500000e+01,4.21084506e-04,1.79924084e-03
3.42500000e+01,4.21021987e-04,1.79805904e-03
3.43500000e+01,4.19058818e-04,1.78910192e-03
3.44500000e+01,4.08021761e-04,1.77992502e-03
3.45500000e+01,3.95104946e-04,1.76174115e-03
3.46500000e+01,3.86923073e-04,1.77505190e-03
3.47500000e+01,3.86891787e-04,1.77193018e-03
3.48500000e+01,3.85342559e-04,1.75565797e-03
3.49500000e+01,3.82005816e-04,1.76233220e-03
3.50500000e+01,3.79602651e-04,1.76761176e-03
3.51500000e+01,3.70365686e-04,1.76687116e-03
3.52500000e+01,3.65757774e-04,1.75582095e-03
3.53500000e+01,3.62425788e-04,1.73326460e-03
3.54500000e+01,3.55812636e-04,1.71274754e-03
3.55500000e+01,3.59898124e-04,1.71930735e-03
3.56500000e+01,3.56547537e-04,1.72326532e-03
3.57500000e+01,3.47480362e-04,1.70601829e-03
3.58500000e+01,3.45352038e-04,1.72238566e-03
3.59500000e+01,3.48403001e-04,1.71911735e-03
3.60500000e+01,3.50222975e-04,1.73172120e-03
3.61500000e+01,3.49138106e-04,1.73618741e-03
3.62500000e+01,3.54956185e-04,1.71693401e-03
3.63500000e+01,3.41609752e-04,1.70217517e-03
3.64500000e+01,3.34969716e-04,1.71361882e-03
3.65500000e+01,3.28711678e-04,1.70282827e-03
3.66500000e+01,3.26173360e-04,1.68859822e-03
3.67500000e+01,3.25013378e-04,1.67972183e-03
3.68500000e+01,3.24799608e-04,1.69726839e-03
3.69500000e+01,3.23754040e-04,1.70518602e-03
3.70500000e+01,3.19696709e-04,1.68979820e-03
3.71500000e+01,3.12076804e-04,1.68027363e-03
3.72500000e+01,3.02087524e-04,1.67015403e-03
3.73500000e+01,3.00269758e-04,1.70432377e-03
3.74500000e+01,3.00277608e-04,1.69495274e-03
3.75500000e+01,2.95108650e-04,1.70362968e-03
3.76500000e+01,2.95748227e-04,1.68279519e-03
3.77500000e+01,2.89296931e-04,1.65349166e-03
3.78500000e+01,2.72851448e-04,1.66287590e-03
3.79500000e+01,2.68769280e-04,1.65964418e-03
3.80500000e+01,2.67315002e-04,1.66733343e-03
3.81500000e+01,2.67092559e-04,1.64557378e-03
3.82500000e+01,2.67101600e-04,1.63840415e-03
3.83500000e+01,2.62212347e-04,1.63251342e-03
3.84500000e+01,2.59099204e-04,1.63443567e-03
3.85500000e+01,2.58489661e-04,1.64011227e-03
3.86500000e+01,2.57758636e-04,1.62825516e-03
3.87500000e+01,2.60570897e-04,1.60982049e-03
3.88500000e+01,2.62229299e-04,1.58971303e-03
3.89500000e+01,2.63407424e-04,1.58045645e-03
3.90500000e+01,2.60724700e-04,1.58468032e-03
3.91500000e+01,2.53162165e-04,1.59899065e-03
3.92500000e+01,2.49873265e-04,1.59913143e-03
3.93500000e+01,2.47297816e-04,1.60272005e-03
3.94500000e+01,2.41394716e-04,1.61466771e-03
3.95500000e+01,2.38818196e-04,1.61262743e-03
3.96500000e+01,2.33078162e-04,1.62221098e-03
3.97500000e+01,2.32003644e-04,1.61513066e-03
3.98500000e+01,2.31819789e-04,1.60317039e-03
3.99500000e+01,2.31032264e-04,1.58636395e-03
4.00500000e+01,2.30842659e-04,1.58311644e-03
4.01500000e+01,2.29746635e-04,1.60049728e-03
4.02500000e+01,2.26679153e-04,1.58432014e-03
4.03500000e+01,2.24305427e-04,1.59280929e-03
4.04500000e+01,2.24435801e-04,1.57054102e-03
4.05500000e+01,2.17243359e-04,1.56659305e-03
4.06500000e+01,2.15731116e-04,1.57721120e-03
4.07500000e+01,2.15173030e-04,1.60276332e-03
4.08500000e+01,2.10929521e-04,1.60636026e-03
4.09500000e+01,2.09643429e-04,1.60040793e-03
4.10500000e+01,2.08763626e-04,1.60023701e-03
4.11500000e+01,2.07974842e-04,1.60139947e-03
4.12500000e+01,2.02889739e-04,1.55520848e-03
4.13500000e+01,1.96143184e-04,1.55574927e-03
4.14500000e+01,1.93844931e-04,1.56333730e-03
4.15500000e+01,1.90348389e-04,1.56557567e-03
4.16500000e+01,1.87218705e-04,1.54038486e-03
4.17500000e+01,1.87532609e-04,1.54665577e-03
4.18500000e+01,1.86217402e-04,1.55759111e-03
4.19500000e+01,1.86045898e-04,1.55723819e-03
4.20500000e+01,1.86045898e-04,1.54628051e-03
4.21500000e+01,1.83580167e-04,1.55437104e-03
4.22500000e+01,1.81705373e-04,1.53854678e-03
4.23500000e+01,1.79488706e-04,1.54120920e-03
4.24500000e+01,1.85195562e-04,1.54114053e-03
4.25500000e+01,1.86738077e-04,1.53893813e-03
4.26500000e+01,1.83692603e-04,1.55203921e-03
4.27500000e+01,1.83359406e-04,1.54576669e-03
4.28500000e+01,1.82739478e-04,1.55240409e-03
4.29500000e+01,1.84875095e-04,1.54019789e-03
4.30500000e+01,1.83263292e-04,1.53601017e-03
4.31500000e+01,1.84531328e-04,1.51227153e-03
4.32500000e+01,1.82841993e-04,1.50349828e-03
4.33500000e+01,1.80013217e-04,1.51204075e-03
4.34500000e+01,1.80078708e-04,1.51220440e-03
4.35500000e+01,1.77107480e-04,1.52195922e-03
4.36500000e+01,1.76670297e-04,1.49704716e-03
4.37500000e+01,1.74559126e-04,1.50884887e-03
4.38500000e+01,1.70952329e-04,1.53689832e-03
4.39500000e+01,1.65068352e-04,1.51845926e-03
4.40500000e+01,1.63965948e-04,1.53643219e-03
4.41500000e+01,1.64390924e-04,1.53743114e-03
4.42500000e+01,1.62828134e-04,1.53000623e-03
4.43500000e+01,1.61852936e-04,1.52663871e-03
4.44500000e+01,2.30455523e-04,1.52753015e-03
4.45500000e+01,1.92798376e-04,1.52789618e-03
4.46500000e+01,1.44311253e-04,1.51905595e-03
4.47500000e+01,1.39209473e-04,1.49023707e-03
4.48500000e+01,1.38651902e-04,1.48691966e-03
4.49500000e+01,1.32842327e-04,1.48989484e-03
4.50500000e+01,1.31855630e-04,1.48900418e-03
4.51500000e+01,1.29585169e-04,1.46909947e-03
4.52500000e+01,1.27525880e-04,1.47557288e-03
4.53500000e+01,1.25461430e-04,1.46022880e-03
4.54500000e+01,1.23720769e-04,1.49182526e-03
4.55500000e+01,1.19931102e-04,1.49352843e-03
4.56500000e+01,1.18559936e-04,1.47799602e-03
4.57500000e+01,1.18100015e-04,1.47836715e-03
4.58500000e+01,1.15760289e-04,1.48904247e-03
4.59500000e+01,1.14419132e-04,1.46096858e-03
4.60500000e+01,1.12731207e-04,1.46986175e-03
4.61500000e+01,1.10589499e-04,1.44893683e-03
4.62500000e+01,1.09386446e-04,1.44513546e-03
4.63500000e+01,1.09386446e-04,1.46332401e-03
4.64500000e+01,1.07667683e-04,1.45827995e-03
4.65500000e+01,1.06302257e-04,1.43267618e-03
4.66500000e+01,1.04240247e-04,1.43902105e-03
4.67500000e+01,1.04233755e-04,1.45433261e-03
4.68500000e+01,1.04233601e-04,1.44237262e-03
4.69500000e+01,1.04233601e-04,1.41731444e-03
4.70500000e+01,1.03761710e-04,1.41918710e-03
4.71500000e+01,1.02636709e-04,1.40864324e-03
4.72500000e+01,1.01501483e-04,1.40700282e-03
4.73500000e+01,9.94795085e-05,1.42373423e-03
4.74500000e+01,9.84614996e-05,1.42189823e-03
4.75500000e+01,9.82743397e-05,1.39900695e-03
4.76500000e+01,9.82743397e-05,1.40566673e-03
4.77500000e+01,9.79373283e-05,1.40100944e-03
4.78500000e+01,9.61111529e-05,1.38487336e-03
4.79500000e+01,9.64348156e-05,1.39016132e-03
4.80500000e+01,9.57534437e-05,1.39865551e-03
4.81500000e+01,9.52821685e-05,1.39658552e-03
4.82500000e+01,9.53770946e-05,1.39251675e-03
4.83500000e+01,9.53770946e-05,1.37707197e-03
4.84500000e+01,9.50130505e-05,1.38567042e-03
4.85500000e+01,9.62955307e-05,1.35333905e-03
4.86500000e+01,9.63478619e-05,1.36151683e-03
4.87500000e+01,9.63496864e-05,1.36696868e-03
4.88500000e+01,9.56042810e-05,1.38021150e-03
4.89500000e+01,1.02837250e-04,1.38115263e-03
4.90500000e+01,1.02152741e-04,1.39337867e-03
4.91500000e+01,9.50457486e-05,1.35783487e-03
4.92500000e+01,9.09686556e-05,1.35337075e-03
4.93500000e+01,8.58885916e-05,1.36073531e-03
4.94500000e+01,9.86327986e-05,1.35398075e-03
4.95500000e+01,1.09766259e-04,1.34644955e-03
4.96500000e+01,1.09675658e-04,1.34742752e-03
4.97500000e+01,1.09352069e-04,1.34834900e-03
4.98500000e+01,1.07180618e-04,1.32226122e-03
4.99500000e+01,1.07254514e-04,1.32001797e-03
5.00500000e+01,1.07447865e-04,1.29232437e-03
5.01500000e+01,1.10632679e-04,1.29941294e-03
5.02500000e+01,9.89613972e-05,1.33169786e-03
5.03500000e+01,8.03831398e-05,1.33028575e-03
5.04500000e+01,8.05197601e-05,1.32522537e-03
5.05500000e+01,8.04974657e-05,1.31857719e-03
5.06500000e+01,8.17240536e-05,1.32072249e-03
5.07500000e+01,8.00342578e-05,1.28488952e-03
5.08500000e+01,7.91716733e-05,1.28375707e-03
5.09500000e+01,8.01071792e-05,1.29126489e-03
5.10500000e+01,7.84682164e-05,1.29105559e-03
5.11500000e+01,7.51628916e-05,1.29190040e-03
5.12500000e+01,9.69935712e-05,1.29140692e-03
5.13500000e+01,8.19251995e-05,1.28109575e-03
5.14500000e+01,7.96759482e-05,1.27126838e-03
5.15500000e+01,7.96619869e-05,1.25627851e-03
5.16500000e+01,7.96619869e-05,1.26820739e-03
5.17500000e+01,7.88541231e-05,1.26186455e-03
5.18500000e+01,7.80926031e-05,1.27527661e-03
5.19500000e+01,7.78677214e-05,1.25768727e-03
5.20500000e+01,7.57348883e-05,1.25267064e-03
5.21500000e+01,7.47593149e-05,1.23979921e-03
5.22500000e+01,7.40317548e-05,1.23971556e-03
5.23500000e+01,6.86239072e-05,1.23945422e-03
5.24500000e+01,6.08835280e-05,1.23416574e-03
5.25500000e+01,7.40873519e-05,1.23527726e-03
5.26500000e+01,7.43410404e-05,1.22410038e-03
5.27500000e+01,5.54349746e-05,1.23147620e-03
5.28500000e+01,5.54349746e-05,1.22193635e-03
5.29500000e+01,5.52123191e-05,1.23925603e-03
5.30500000e+01,5.46396618e-05,1.21880240e-03
5.31500000e+01,5.50500873e-05,1.21326669e-03
5.32500000e+01,5.34864645e-05,1.23484591e-03
5.33500000e+01,5.26415346e-05,1.21717101e-03
5.34500000e+01,5.23664704e-05,1.21478088e-03
5.35500000e+01,5.23094828e-05,1.21594817e-03
5.36500000e+01,5.23580105e-05,1.22191961e-03
5.37500000e+01,5.23374818e-05,1.22183366e-03
5.38500000e+01,5.23713174e-05,1.23941472e-03
5.39500000e+01,5.31644937e-05,1.23164130e-03
5.40500000e+01,5.09123709e-05,1.21813797e-03
5.41500000e+01,4.95287601e-05,1.19968080e-03
5.42500000e+01,4.83536583e-05,1.20176921e-03
5.43500000e+01,4.83621155e-05,1.19161036e-03
5.44500000e+01,4.78518243e-05,1.19230010e-03
5.45500000e+01,4.76439161e-05,1.20346420e-03
5.46500000e+01,4.74638416e-05,1.19020622e-03
5.47500000e+01,4.63124607e-05,1.18403503e-03
5.48500000e+01,4.63124607e-05,1.17829328e-03
5.49500000e+01,4.63124607e-05,1.18999556e-03
5.50500000e+01,4.64318200e-05,1.17206335e-03
5.51500000e+01,4.84148167e-05,1.16399100e-03
5.52500000e+01,4.88678802e-05,1.16685354e-03
5.53500000e+01,4.88678802e-05,1.16761885e-03
5.54500000e+01,4.88678802e-05,1.16265514e-03
5.55500000e+01,4.88678802e-05,1.17783516e-03
5.56500000e+01,4.88678802e-05,1.18896255e-03
5.57500000e+01,4.85800610e-05,1.20369080e-03
5.58500000e+01,4.61024845e-05,1.17469297e-03
5.59500000e+01,4.61017128e-05,1.17491957e-03
5.60500000e+01,4.60985131e-05,1.17045826e-03
5.61500000e+01,4.60985131e-05,1.17644027e-03
5.62500000e+01,4.42881804e-05,1.17487211e-03
5.63500000e+01,4.42451484e-05,1.16192096e-03
5.64500000e+01,4.45372497e-05,1.15273435e-03
5.65500000e+01,4.45372497e-05,1.16408235e-03
5.66500000e+01,4.35212969e-05,1.15198618e-03
5.67500000e+01,4.28403805e-05,1.15960249e-03
5.68500000e+01,4.28403805e-05,1.15016752e-03
5.69500000e+01,4.28403805e-05,1.14830209e-03
5.70500000e+01,4.28403805e-05,1.14486856e-03
5.71500000e+01,4.28403805e-05,1.13711522e-03
5.72500000e+01,4.28403805e-05,1.14830032e-03
5.73500000e+01,4.28403805e-05,1.14112382e-03
5.74500000e+01,4.28403805e-05,1.13270169e-03
5.75500000e+01,4.22920432e-05,1.14715983e-03
5.76500000e+01,4.06681071e-05,1.13985983e-03
5.77500000e+01,3.99170247e-05,1.13293629e-03
5.78500000e+01,3.93455234e-05,1.12329069e-03
5.79500000e+01,3.93455234e-05,1.12460753e-03
5.80500000e+01,3.90021640e-05,1.10272722e-03
5.81500000e+01,3.79948403e-05,1.11600647e-03
5.82500000e+01,3.79961576e-05,1.11249640e-03
5.83500000e+01,3.80974078e-05,1.13046937e-03
5.84500000e+01,3.80974078e-05,1.13554443e-03
5.85500000e+01,3.80974078e-05,1.13328154e-03
5.86500000e+01,3.77473250e-05,1.14384978e-03
5.87500000e+01,3.67720737e-05,1.13847164e-03
5.88500000e+01,3.58021439e-05,1.11079591e-03
5.89500000e+01,3.58021439e-05,1.11260539e-03
5.90500000e+01,3.49189030e-05,1.12589537e-03
5.91500000e+01,3.46286622e-05,1.13617458e-03
5.92500000e+01,3.47021613e-05,1.10470752e-03
5.93500000e+01,3.46914430e-05,1.08142237e-03
5.94500000e+01,3.46641045e-05,1.09307228e-03
5.95500000e+01,3.46641045e-05,1.08873167e-03
5.96500000e+01,3.46641045e-05,1.08628656e-03
5.97500000e+01,3.46641045e-05,1.09432343e-03
5.98500000e+01,3.46641045e-05,1.08017580e-03
5.99500000e+01,3.63425590e-05,1.09280810e-03
6.00500000e+01,3.66313612e-05,1.08661811e-03
6.01500000e+01,3.66910708e-05,1.08004063e-03
6.02500000e+01,3.66910708e-05,1.08189746e-03
6.03500000e+01,3.66910708e-05,1.08205026e-03
6.04500000e+01,3.47355479e-05,1.09498798e-03
6.05500000e+01,3.24861380e-05,1.09035698e-03
6.06500000e+01,3.24849777e-05,1.09392731e-03
6.07500000e+01,3.24839969e-05,1.09798576e-03
6.08500000e+01,3.24839969e-05,1.09633961e-03
6.09500000e+01,3.24839969e-05,1.10614761e-03
6.10500000e+01,3.24839969e-05,1.07854628e-03
6.11500000e+01,3.25133836e-05,1.07101913e-03
6.12500000e+01,3.25307160e-05,1.07420827e-03
6.13500000e+01,3.14810537e-05,1.07126329e-03
6.14500000e+01,2.93602637e-05,1.07541265e-03
6.15500000e+01,2.93557907e-05,1.07816911e-03
6.16500000e+01,2.93557907e-05,1.07285980e-03
6.17500000e+01,2.93557907e-05,1.07437481e-03
6.18500000e+01,2.93557907e-05,1.06829172e-03
6.19500000e+01,3.06133833e-05,1.06299290e-03
6.20500000e+01,2.99288246e-05,1.05749043e-03
6.21500000e+01,2.99288246e-05,1.04712375e-03
6.22500000e+01,2.99288246e-05,1.04850029e-03
6.23500000e+01,3.00577654e-05,1.05929152e-03
6.24500000e+01,3.01291853e-05,1.05586595e-03
6.25500000e+01,2.75627177e-05,1.07849693e-03
6.26500000e+01,2.73798528e-05,1.07311487e-03
6.27500000e+01,2.65860141e-05,1.05008003e-03
6.28500000e+01,2.65526239e-05,1.04887837e-03
6.29500000e+01,2.65526239e-05,1.05300213e-03
6.30500000e+01,2.65526239e-05,1.02706892e-03
6.31500000e+01,2.65526239e-05,1.01882999e-03
6.32500000e+01,2.65526239e-05,1.03236458e-03
6.33500000e+01,2.65616858e-05,1.05274217e-03
6.34500000e+01,2.64702774e-05,1.05887074e-03
6.35500000e+01,2.59471828e-05,1.04442924e-03
6.36500000e+01,2.59471828e-05,1.03195058e-03
6.37500000e+01,2.59471828e-05,1.02772060e-03
6.38500000e+01,2.59471828e-05,1.03366579e-03
6.39500000e+01,2.59471828e-05,1.03525543e-03
6.40500000e+01,2.59471828e-05,1.04831965e-03
6.41500000e+01,2.58049867e-05,1.02102104e-03
6.42500000e+01,2.45519126e-05,1.03339438e-03
6.43500000e+01,2.43710839e-05,1.05051512e-03
6.44500000e+01,2.26860630e-05,1.04035753e-03
6.45500000e+01,2.17297250e-05,1.04435937e-03
6.46500000e+01,2.08068588e-05,1.04873152e-03
6.47500000e+01,2.07035444e-05,1.02135084e-03
6.48500000e+01,1.91762114e-05,1.03755298e-03
6.49500000e+01,1.83346742e-05,1.03184736e-03
6.50500000e+01,1.83346742e-05,1.02907850e-03
6.51500000e+01,1.83346742e-05,1.04756384e-03
6.52500000e+01,1.83346742e-05,1.03488585e-03
6.53500000e+01,1.83346742e-05,1.03138624e-03
6.54500000e+01,1.83346742e-05,1.03814520e-03
6.55500000e+01,1.83346742e-05,1.03670963e-03
6.56500000e+01,1.83346742e-05,1.03730088e-03
6.57500000e+01,1.83397672e-05,1.02743527e-03
6.58500000e+01,1.83852468e-05,1.02278193e-03
6.59500000e+01,1.81978722e-05,1.03702664e-03
6.60500000e+01,1.69293544e-05,1.04665076e-03
6.61500000e+01,1.69293544e-05,1.03535567e-03
6.62500000e+01,1.69293544e-05,1.02647778e-03
6.63500000e+01,1.69293544e-05,1.00562897e-03
6.64500000e+01,1.69293544e-05,9.89050183e-04
6.65500000e+01,1.69293544e-05,9.85222837e-04
6.66500000e+01,1.69293544e-05,9.82907908e-04
6.67500000e+01,1.69293544e-05,9.74533903e-04
6.68500000e+01,1.69293544e-05,9.80004732e-04
6.69500000e+01,1.69101276e-05,9.84486857e-04
6.70500000e+01,1.68766995e-05,1.00309861e-03
6.71500000e+01,1.68766995e-05,9.64466463e-04
6.72500000e+01,1.68766995e-05,9.71235374e-04
6.73500000e+01,1.68766995e-05,9.77723822e-04
6.74500000e+01,1.68848634e-05,9.84017435e-04
6.75500000e+01,1.68851807e-05,9.61797674e-04
6.76500000e+01,1.68851807e-05,9.56451267e-04
6.77500000e+01,1.68851807e-05,9.53252858e-04
6.78500000e+01,1.68851807e-05,9.49745497e-04
6.79500000e+01,1.68851807e-05,9.39863867e-04
6.80500000e+01,1.68851807e-05,9.49232772e-04
6.81500000e+01,1.68851807e-05,9.48190673e-04
6.82500000e+01,1.68851807e-05,9.56021089e-04
6.83500000e+01,1.68851807e-05,9.53863286e-04
6.84500000e+01,1.68851807e-05,9.52725551e-04
6.85500000e+01,1.68851807e-05,9.44313056e-04
6.86500000e+01,1.68851807e-05,9.67120490e-04
6.87500000e+01,1.68851807e-05,9.60113658e-04
6.88500000e+01,1.68851807e-05,9.39312730e-04
6.89500000e+01,2.15356675e-05,9.38846427e-04
6.90500000e+01,2.22429116e-05,9.41755073e-04
6.91500000e+01,2.22429116e-05,9.43348189e-04
6.92500000e+01,2.22429116e-05,9.56311843e-04
6.93500000e+01,2.22429116e-05,9.48874258e-04
6.94500000e+01,2.19205230e-05,9.18248216e-04
6.95500000e+01,2.09425242e-05,9.27280530e-04
6.96500000e+01,2.09425242e-05,9.14678372e-04
6.97500000e+01,2.07253054e-05,9.35908071e-04
6.98500000e+01,1.97179809e-05,9.53782176e-04
6.99500000e+01,1.97179809e-05,9.32395470e-04
7.00500000e+01,2.83668452e-05,9.35609023e-04
7.01500000e+01,3.60709828e-05,9.41437815e-04
7.02500000e+01,3.92153741e-05,9.27665105e-04
7.03500000e+01,1.25164784e-05,9.24080135e-04
7.04500000e+01,1.25164784e-05,9.31741594e-04
7.05500000e+01,1.25164784e-05,9.12631334e-04
7.06500000e+01,1.25164784e-05,9.04885756e-04
7.07500000e+01,1.25164784e-05,9.08770299e-04
7.08500000e+01,1.25164784e-05,9.23263975e-04
7.09500000e+01,1.25164784e-05,9.28694968e-04
7.10500000e+01,1.25164784e-05,9.18379030e-04
7.11500000e+01,1.25164784e-05,9.22827849e-04
7.12500000e+01,1.25167119e-05,9.20072730e-04
7.13500000e+01,1.25188667e-05,9.15036760e-04
7.14500000e+01,1.25188667e-05,9.14897768e-04
7.15500000e+01,1.25188667e-05,9.00036357e-04
7.16500000e+01,1.25188667e-05,8.96534014e-04
7.17500000e+01,1.25188667e-05,9.04780227e-04
7.18500000e+01,1.25188667e-05,9.03059920e-04
7.19500000e+01,1.25188667e-05,9.21983588e-04
7.20500000e+01,1.24088454e-05,9.05154635e-04
7.21500000e+01,1.10647351e-05,8.98482799e-04
7.22500000e+01,1.10647351e-05,9.02336508e-04
7.23500000e+01,1.10647351e-05,8.96985385e-04
7.24500000e+01,1.10647351e-05,8.90937246e-04
7.25500000e+01,1.10647351e-05,8.86547967e-04
7.26500000e+01,1.10647351e-05,8.87516509e-04
7.27500000e+01,1.10647351e-05,8.67611801e-04
7.28500000e+01,1.10647351e-05,8.55069031e-04
7.29500000e+01,1.10647351e-05,8.79345084e-04
7.30500000e+01,1.10647351e-05,8.75818290e-04
7.31500000e+01,1.02976875e-05,8.77294510e-04
7.32500000e+01,9.68850134e-06,9.00896121e-04
7.33500000e+01,9.68850134e-06,8.86049796e-04
7.34500000e+01,9.68850134e-06,8.78883044e-04
7.35500000e+01,9.68850134e-06,8.97085329e-04
7.36500000e+01,9.68850134e-06,8.84414385e-04
7.37500000e+01,9.68850134e-06,8.70364510e-04
7.38500000e+01,9.68850134e-06,8.71499828e-04
7.39500000e+01,9.68850134e-06,8.79913415e-04
7.40500000e+01,9.68850134e-06,8.95051585e-04
7.41500000e+01,9.68850134e-06,8.90060105e-04
7.42500000e+01,9.68850134e-06,8.84988511e-04
7.43500000e+01,9.68850134e-06,8.76918635e-04
7.44500000e+01,9.68850134e-06,8.70383159e-04
7.45500000e+01,9.68850134e-06,8.65716885e-04
7.46500000e+01,9.68850134e-06,8.68477944e-04
7.47500000e+01,9.68850134e-06,8.64590697e-04
7.48500000e+01,9.68850134e-06,8.54022190e-04
7.49500000e+01,8.97573881e-06,8.53842149e-04
7.50500000e+01,8.37995685e-06,8.49787863e-04
7.51500000e+01,8.37995685e-06,8.51544581e-04
7.52500000e+01,8.37995685e-06,8.45792415e-04
7.53500000e+01,8.37995685e-06,8.49961247e-04
7.54500000e+01,8.37995685e-06,8.53284825e-04
7.55500000e+01,8.37995685e-06,8.49664909e-04
7.56500000e+01,8.37995685e-06,8.57955952e-04
7.57500000e+01,8.37995685e-06,8.49144942e-04
7.58500000e+01,7.62282786e-06,8.37333037e-04
7.59500000e+01,7.12267775e-06,8.27797185e-04
7.60500000e+01,7.12267775e-06,8.40979811e-04
7.61500000e+01,7.12267775e-06,8.28993740e-04
7.62500000e+01,7.12267775e-06,8.30275050e-04
7.63500000e+01,7.12267775e-06,8.27495543e-04
7.64500000e+01,7.12267775e-06,8.10635783e-04
7.65500000e+01,7.12267775e-06,7.96355835e-04
7.66500000e+01,7.12267775e-06,7.97731197e-04
7.67500000e+01,6.76062167e-06,7.86902677e-04
7.68500000e+01,5.86551605e-06,7.83637396e-04
7.69500000e+01,5.86551605e-06,7.79002468e-04
7.70500000e+01,5.86551605e-06,7.88040396e-04
7.71500000e+01,5.86551605e-06,7.86755671e-04
7.72500000e+01,5.86551605e-06,7.82440020e-04
7.73500000e+01,5.86551605e-06,7.82220372e-04
7.74500000e+01,5.86551605e-06,7.73593412e-04
7.75500000e+01,5.86551605e-06,7.77178870e-04
7.76500000e+01,5.86551605e-06,7.87730973e-04
7.77500000e+01,5.86551605e-06,7.81210414e-04
7.78500000e+01,5.86551605e-06,7.84179813e-04
7.79500000e+01,5.86551605e-06,7.75261250e-04
7.80500000e+01,5.86551605e-06,7.80650893e-04
7.81500000e+01,5.86551605e-06,7.64309618e-04
7.82500000e+01,5.86551605e-06,7.68022704e-04
7.83500000e+01,5.86551605e-06,7.59312579e-04
7.84500000e+01,5.86551605e-06,7.54672217e-04
7.85500000e+01,5.86551605e-06,7.54358526e-04
7.86500000e+01,5.86551605e-06,7.68088577e-04
7.87500000e+01,5.86551605e-06,7.71487289e-04
7.88500000e+01,5.86551605e-06,7.67232370e-04
7.89500000e+01,5.86551605e-06,7.55523027e-04
7.90500000e+01,5.86551605e-06,7.65141057e-04
7.91500000e+01,5.86551605e-06,7.61495072e-04
7.92500000e+01,5.86551605e-06,7.71636431e-04
7.93500000e+01,5.86551605e-06,7.78418512e-04
7.94500000e+01,5.86551605e-06,7.89916941e-04
7.95500000e+01,5.86551605e-06,7.79931807e-04
7.96500000e+01,5.86551605e-06,7.82870860e-04
7.97500000e+01,5.86551605e-06,7.84014573e-04
7.98500000e+01,5.86551605e-06,7.89328719e-04
7.99500000e+01,5.86551605e-06,7.77464039e-04
8.00500000e+01,5.86551605e-06,7.61963397e-04
8.01500000e+01,5.86551605e-06,7.59635499e-04
8.02500000e+01,5.86551605e-06,7.52739868e-04
8.03500000e+01,5.86551605e-06,7.42062469e-04
8.04500000e+01,5.86551605e-06,7.41391755e-04
8.05500000e+01,5.81213130e-06,7.37244509e-04
8.06500000e+01,5.31017839e-06,7.54223501e-04
8.07500000e+01,5.31017839e-06,7.53891107e-04
8.08500000e+01,5.31017839e-06,7.42221224e-04
8.09500000e+01,5.31017839e-06,7.28723326e-04
8.10500000e+01,5.31017839e-06,7.36373442e-04
8.11500000e+01,5.31017839e-06,7.38536605e-04
8.12500000e+01,5.31017839e-06,7.33174543e-04
8.13500000e+01,5.31017839e-06,7.30152673e-04
8.14500000e+01,5.31017839e-06,7.33047239e-04
8.15500000e+01,5.31017839e-06,7.42124983e-04
8.16500000e+01,4.63629223e-06,7.30663675e-04
8.17500000e+01,4.11560909e-06,7.29616650e-04
8.18500000e+01,4.11560909e-06,7.40462019e-04
8.19500000e+01,4.11560909e-06,7.32845476e-04
8.20500000e+01,4.11560909e-06,7.32687378e-04
8.21500000e+01,4.11560909e-06,7.41548398e-04
8.22500000e+01,4.11560909e-06,7.54780474e-04
8.23500000e+01,4.11560909e-06,7.52640242e-04
8.24500000e+01,4.11560909e-06,7.41948281e-04
8.25500000e+01,4.11560909e-06,7.34309885e-04
8.26500000e+01,4.11560909e-06,7.17380037e-04
8.27500000e+01,4.11560909e-06,7.09470278e-04
8.28500000e+01,4.11560909e-06,7.17848603e-04
8.29500000e+01,4.09751602e-06,7.23612560e-04
8.30500000e+01,3.90945550e-06,7.11467198e-04
8.31500000e+01,3.90945550e-06,7.04076323e-04
8.32500000e+01,3.90945550e-06,7.05069732e-04
8.33500000e+01,3.90945550e-06,6.98831372e-04
8.34500000e+01,3.90945550e-06,7.04239071e-04
8.35500000e+01,3.90945550e-06,6.96055916e-04
8.36500000e+01,3.90945550e-06,6.93476637e-04
8.37500000e+01,3.90945550e-06,6.86478215e-04
8.38500000e+01,3.90945550e-06,6.94284011e-04
8.39500000e+01,3.90945550e-06,6.82612040e-04
8.40500000e+01,3.90945550e-06,6.86339742e-04
8.41500000e+01,3.90945550e-06,6.79760630e-04
8.42500000e+01,3.90945550e-06,6.71057069e-04
8.43500000e+01,3.90945550e-06,6.89601638e-04
8.44500000e+01,3.90945550e-06,7.00196524e-04
8.45500000e+01,3.90945550e-06,6.92218343e-04
8.46500000e+01,3.90945550e-06,6.84723238e-04
8.47500000e+01,3.90945550e-06,7.00192256e-04
8.48500000e+01,3.90945550e-06,7.12558361e-04
8.49500000e+01,3.86410735e-06,6.92960248e-04
8.50500000e+01,2.57037299e-06,6.91116920e-04
8.51500000e+01,2.57037299e-06,6.81137068e-04
8.52500000e+01,2.57037299e-06,6.72588776e-04
8.53500000e+01,2.57037299e-06,6.71054288e-04
8.54500000e+01,2.57037299e-06,6.65569267e-04
8.55500000e+01,2.57037299e-06,6.64615361e-04
8.56500000e+01,2.57037299e-06,6.67163378e-04
8.57500000e+01,2.57037299e-06,6.56775627e-04
8.58500000e+01,2.57037299e-06,6.52449558e-04
8.59500000e+01,2.57037299e-06,6.56472787e-04
8.60500000e+01,2.57037299e-06,6.54017093e-04
8.61500000e+01,2.57037299e-06,6.59348584e-04
8.62500000e+01,2.57037299e-06,6.48903011e-04
8.63500000e+01,2.57037299e-06,6.61121303e-04
8.64500000e+01,2.57037299e-06,6.69939333e-04
8.65500000e+01,2.57037299e-06,6.65221685e-04
8.66500000e+01,2.57037299e-06,6.62239113e-04
8.67500000e+01,2.57037299e-06,6.58850679e-04
8.68500000e+01,2.57037299e-06,6.56298381e-04
8.69500000e+01,2.57037299e-06,6.41173693e-04
8.70500000e+01,2.57037299e-06,6.33975847e-04
8.71500000e+01,2.57037299e-06,6.40050331e-04
8.72500000e+01,2.57037299e-06,6.34502348e-04
8.73500000e+01,2.57037299e-06,6.29515116e-04
8.74500000e+01,2.57037299e-06,6.23696886e-04
8.75500000e+01,2.57037299e-06,6.15289861e-04
8.76500000e+01,2.57037299e-06,6.23677080e-04
8.77500000e+01,2.57375683e-06,6.28690647e-04
8.78500000e+01,2.66066734e-06,6.11442833e-04
8.79500000e+01,2.65479217e-06,6.06360179e-04
8.80500000e+01,2.61025128e-06,6.10639745e-04
8.81500000e+01,2.61025128e-06,6.00125873e-04
8.82500000e+01,2.61025128e-06,6.09362983e-04
8.83500000e+01,2.61025128e-06,6.21657982e-04
8.84500000e+01,2.61025128e-06,6.09183081e-04
8.85500000e+01,2.61025128e-06,6.03735837e-04
8.86500000e+01,2.61025128e-06,5.87966297e-04
8.87500000e+01,2.61025128e-06,5.90795088e-04
8.88500000e+01,2.61025128e-06,5.85010875e-04
8.89500000e+01,2.61025128e-06,5.92142719e-04
8.90500000e+01,2.61025128e-06,5.96243077e-04
8.91500000e+01,2.61025128e-06,5.87528722e-04
8.92500000e+01,2.61025128e-06,5.89270340e-04
8.93500000e+01,2.61025128e-06,5.95705083e-04
8.94500000e+01,2.61025128e-06,5.86578762e-04
8.95500000e+01,2.61025128e-06,5.94128450e-04
8.96500000e+01,2.61025128e-06,5.90164210e-04
8.97500000e+01,2.61025128e-06,5.87312936e-04
8.98500000e+01,2.74032051e-06,5.58060445e-04
8.99500000e+01,3.00008559e-06,5.57179346e-04
9.00500000e+01,3.00008559e-06,5.63649409e-04
9.01500000e+01,3.00008559e-06,5.62966573e-04
9.02500000e+01,3.00008559e-06,5.73014983e-04
9.03500000e+01,3.00008559e-06,5.66837058e-04
9.04500000e+01,3.00008559e-06,5.66571476e-04
9.05500000e+01,3.00008559e-06,5.64038793e-04
9.06500000e+01,3.00008559e-06,5.71652768e-04
9.07500000e+01,3.00008559e-06,5.61951188e-04
9.08500000e+01,3.00008559e-06,5.64033874e-04
9.09500000e+01,3.00008559e-06,5.62136895e-04
9.10500000e+01,3.00008559e-06,5.66155555e-04
9.11500000e+01,3.00008559e-06,5.60216795e-04
9.12500000e+01,3.00008559e-06,5.49452605e-04
9.13500000e+01,3.00008559e-06,5.46529527e-04
9.14500000e+01,3.00008559e-06,5.45555891e-04
9.15500000e+01,3.00008559e-06,5.40735974e-04
9.16500000e+01,3.00008559e-06,5.38833279e-04
9.17500000e+01,3.00008559e-06,5.37823315e-04
9.18500000e+01,3.00008559e-06,5.35353088e-04
9.19500000e+01,3.00008559e-06,5.36910072e-04
9.20500000e+01,3.00008559e-06,5.49152065e-04
9.21500000e+01,3.00008559e-06,5.46054728e-04
9.22500000e+01,3.00008559e-06,5.47655590e-04
9.23500000e+01,3.00008559e-06,5.39289202e-04
9.24500000e+01,3.00008559e-06,5.38796626e-04
9.25500000e+01,3.00008559e-06,5.33864691e-04
9.26500000e+01,3.00008559e-06,5.36392110e-04
9.27500000e+01,3.00008559e-06,5.28459370e-04
9.28500000e+01,3.00008559e-06,5.27019800e-04
9.29500000e+01,3.00008559e-06,5.30040995e-04
9.30500000e+01,3.00008559e-06,5.23243743e-04
9.31500000e+01,3.00008559e-06,5.24023653e-04
9.32500000e+01,3.00008559e-06,5.27864547e-04
9.33500000e+01,3.00008559e-06,5.22601153e-04
9.34500000e+01,3.00008559e-06,5.26490559e-04
9.35500000e+01,3.00008559e-06,5.17178247e-04
9.36500000e+01,3.00008559e-06,5.16231879e-04
9.37500000e+01,3.00008559e-06,5.19629901e-04
9.38500000e+01,3.00008559e-06,5.32148420e-04
9.39500000e+01,3.00008559e-06,5.32972991e-04
9.40500000e+01,3.00008559e-06,5.21973146e-04
9.41500000e+01,3.00008559e-06,5.20546927e-04
9.42500000e+01,3.00008559e-06,5.19700562e-04
9.43500000e+01,3.00008559e-06,5.17450381e-04
9.44500000e+01,3.00008559e-06,5.13935574e-04
9.45500000e+01,3.00008559e-06,5.10326143e-04
9.46500000e+01,3.00008559e-06,4.97826133e-04
9.47500000e+01,3.00008559e-06,5.09665294e-04
9.48500000e+01,3.00008559e-06,5.07659188e-04
9.49500000e+01,3.00008559e-06,4.88445249e-04
9.50500000e+01,3.00008559e-06,4.97994588e-04
9.51500000e+01,3.00008559e-06,4.93996355e-04
9.52500000e+01,3.00008559e-06,4.90989668e-04
9.53500000e+01,3.00008559e-06,5.02412215e-04
9.54500000e+01,3.00008559e-06,4.95972575e-04
9.55500000e+01,3.00008559e-06,5.02898781e-04
9.56500000e+01,3.00008559e-06,4.92284292e-04
9.57500000e+01,3.00008559e-06,4.79887810e-04
9.58500000e+01,3.00008559e-06,4.71220261e-04
9.59500000e+01,3.00008559e-06,4.68084968e-04
9.60500000e+01,3.00008559e-06,4.65321145e-04
9.61500000e+01,3.00008559e-06,4.77132425e-04
9.62500000e+01,3.00008559e-06,4.79769633e-04
9.63500000e+01,3.00008559e-06,4.71766346e-04
9.64500000e+01,3.00008559e-06,4.65557277e-04
9.65500000e+01,3.00008559e-06,4.58413009e-04
9.66500000e+01,3.00008559e-06,4.54802287e-04
9.67500000e+01,3.00008559e-06,4.49705845e-04
9.68500000e+01,3.00008559e-06,4.64008258e-04
9.69500000e+01,3.00008559e-06,4.67007210e-04
9.70500000e+01,3.00008559e-06,4.58443305e-04
9.71500000e+01,3.00008559e-06,4.52859147e-04
9.72500000e+01,3.00008559e-06,4.59106792e-04
9.73500000e+01,3.00008559e-06,4.60643280e-04
9.74500000e+01,3.00008559e-06,4.57114532e-04
9.75500000e+01,3.00008559e-06,4.58600642e-04
9.76500000e+01,3.00008559e-06,4.50870544e-04
9.77500000e+01,3.00008559e-06,4.68135949e-04
9.78500000e+01,3.00008559e-06,4.69723611e-04
9.79500000e+01,3.00008559e-06,4.61537738e-04
9.80500000e+01,3.00008559e-06,4.56043993e-04
9.81500000e+01,3.00008559e-06,4.48251487e-04
9.82500000e+01,3.00008559e-06,4.47472937e-04
9.83500000e+01,2.86355313e-06,4.46151839e-04
9.84500000e+01,1.21817622e-06,4.45777243e-04
9.85500000e+01,1.21817622e-06,4.38461414e-04
9.86500000e+01,1.21817622e-06,4.37836319e-04
9.87500000e+01,1.21817622e-06,4.42672336e-04
9.88500000e+01,1.21817622e-06,4.43912247e-04
9.89500000e+01,1.21817622e-06,4.44051111e-04
9.90500000e+01,1.21817622e-06,4.33282348e-04
9.91500000e+01,1.21817622e-06,4.43695345e-04
9.92500000e+01,1.21817622e-06,4.29350153e-04
9.93500000e+01,1.21817622e-06,4.24200549e-04
9.94500000e+01,1.21817622e-06,4.18878704e-04
9.95500000e+01,1.21817622e-06,4.15743022e-04
9.96500000e+01,1.21817622e-06,4.19469421e-04
9.97500000e+01,1.21817622e-06,4.20970824e-04
9.98500000e+01,1.21817622e-06,4.21722813e-04
9.99500000e+01,1.21817622e-06,4.26208218e-04
1.00050000e+02,9.36650921e-07,4.32170763e-04
1.00150000e+02,0.00000000e+00,4.30774564e-04
1.00250000e+02,0.00000000e+00,4.26175706e-04
1.00350000e+02,0.00000000e+00,4.26132957e-04
1.00450000e+02,0.00000000e+00,4.26996812e-04
1.00550000e+02,0.00000000e+00,4.16779121e-04
1.00650000e+02,0.00000000e+00,4.12358458e-04
1.00750000e+02,0.00000000e+00,4.11889974e-04
1.00850000e+02,0.00000000e+00,4.13428042e-04
1.00950000e+02,0.00000000e+00,4.12052264e-04
1.01050000e+02,0.00000000e+00,4.14339773e-04
1.01150000e+02,0.00000000e+00,4.24523993e-04
1.01250000e+02,0.00000000e+00,4.33725777e-04
1.01350000e+02,0.00000000e+00,4.27479184e-04
1.01450000e+02,0.00000000e+00,4.26285720e-04
1.01550000e+02,0.00000000e+00,4.11519182e-04
1.01650000e+02,0.00000000e+00,4.07411820e-04
1.01750000e+02,0.00000000e+00,4.00665790e-04
1.01850000e+02,0.00000000e+00,4.04223207e-04
1.01950000e+02,0.00000000e+00,3.99339483e-04
1.02050000e+02,0.00000000e+00,3.89167036e-04
1.02150000e+02,0.00000000e+00,4.10504731e-04
1.02250000e+02,0.00000000e+00,3.97830316e-04
1.02350000e+02,0.00000000e+00,4.07198523e-04
1.02450000e+02,0.00000000e+00,4.08924628e-04
1.02550000e+02,0.00000000e+00,4.10542240e-04
1.02650000e+02,0.00000000e+00,4.01570168e-04
1.02750000e+02,0.00000000e+00,4.04489133e-04
1.02850000e+02,0.00000000e+00,3.97704195e-04
1.02950000e+02,0.00000000e+00,4.06006920e-04
1.03050000e+02,0.00000000e+00,4.05440061e-04
1.03150000e+02,0.00000000e+00,4.07990302e-04
1.03250000e+02,0.00000000e+00,4.11712849e-04
1.03350000e+02,0.00000000e+00,4.18778680e-04
1.03450000e+02,0.00000000e+00,4.26394968e-04
1.03550000e+02,0.00000000e+00,4.18912992e-04
1.03650000e+02,0.00000000e+00,4.05848069e-04
1.03750000e+02,0.00000000e+00,4.03289146e-04
1.03850000e+02,0.00000000e+00,4.05255663e-04
1.03950000e+02,0.00000000e+00,4.04353950e-04
1.04050000e+02,0.00000000e+00,4.09269649e-04
1.04150000e+02,0.00000000e+00,4.19302239e-04
1.04250000e+02,0.00000000e+00,4.02949613e-04
1.04350000e+02,0.00000000e+00,4.06211615e-04
1.04450000e+02,0.00000000e+00,4.04053089e-04
1.04550000e+02,0.00000000e+00,3.98609056e-04
1.04650000e+02,0.00000000e+00,4.01294951e-04
1.04750000e+02,0.00000000e+00,4.18584683e-04
1.04850000e+02,0.00000000e+00,4.09140420e-04
1.04950000e+02,0.00000000e+00,4.21342723e-04
1.05050000e+02,0.00000000e+00,4.10672148e-04
1.05150000e+02,0.00000000e+00,4.05328531e-04
1.05250000e+02,0.00000000e+00,4.14906210e-04
1.05350000e+02,0.00000000e+00,4.19277147e-04
1.05450000e+02,0.00000000e+00,4.17686944e-04
1.05550000e+02,0.00000000e+00,4.29298373e-04
1.05650000e+02,0.00000000e+00,4.43194952e-04
1.05750000e+02,0.00000000e+00,4.18925718e-04
1.05850000e+02,0.00000000e+00,4.05541334e-04
1.05950000e+02,0.00000000e+00,4.14377710e-04
1.06050000e+02,0.00000000e+00,4.05456433e-04
1.06150000e+02,0.00000000e+00,4.04423747e-04
1.06250000e+02,0.00000000e+00,4.10119844e-04
1.06350000e+02,0.00000000e+00,4.09573944e-04
1.06450000e+02,0.00000000e+00,3.95500404e-04
1.06550000e+02,0.00000000e+00,4.05618614e-04
1.06650000e+02,0.00000000e+00,3.98906199e-04
1.06750000e+02,0.00000000e+00,4.03975473e-04
1.06850000e+02,0.00000000e+00,3.99022798e-04
1.06950000e+02,0.00000000e+00,4.00864699e-04
1.07050000e+02,0.00000000e+00,3.99269231e-04
1.07150000e+02,0.00000000e+00,4.04973005e-04
1.07250000e+02,0.00000000e+00,3.96972200e-04
1.07350000e+02,0.00000000e+00,4.05223328e-04
1.07450000e+02,0.00000000e+00,3.88166895e-04
1.07550000e+02,0.00000000e+00,3.87355268e-04
1.07650000e+02,0.00000000e+00,3.88941166e-04
1.07750000e+02,0.00000000e+00,3.87420574e-04
1.07850000e+02,0.00000000e+00,4.00388356e-04
1.07950000e+02,0.00000000e+00,3.92894669e-04
1.08050000e+02,0.00000000e+00,3.96814763e-04
1.08150000e+02,0.00000000e+00,4.02911474e-04
1.08250000e+02,0.00000000e+00,3.83097642e-04
1.08350000e+02,0.00000000e+00,3.87800847e-04
1.08450000e+02,0.00000000e+00,3.82930200e-04
1.08550000e+02,0.00000000e+00,3.81835972e-04
1.08650000e+02,0.00000000e+00,3.92476743e-04
1.08750000e+02,0.00000000e+00,3.80297268e-04
1.08850000e+02,0.00000000e+00,3.78556649e-04
1.08950000e+02,0.00000000e+00,3.81453874e-04
1.09050000e+02,0.00000000e+00,3.84974938e-04
1.09150000e+02,0.00000000e+00,3.82744377e-04
1.09250000e+02,0.00000000e+00,3.71751487e-04
1.09350000e+02,0.00000000e+00,3.70559930e-04
1.09450000e+02,0.00000000e+00,3.81303378e-04
1.09550000e+02,0.00000000e+00,3.73136431e-04
1.09650000e+02,0.00000000e+00,3.69975713e-04
1.09750000e+02,0.00000000e+00,3.83141187e-04
1.09850000e+02,0.00000000e+00,3.70398644e-04
1.09950000e+02,0.00000000e+00,3.67148249e-04
1.10050000e+02,0.00000000e+00,3.64026067e-04
1.10150000e+02,0.00000000e+00,3.49133715e-04
1.10250000e+02,0.00000000e+00,3.58451581e-04
1.10350000e+02,0.00000000e+00,3.49304130e-04
1.10450000e+02,0.00000000e+00,3.49064981e-04
1.10550000e+02,0.00000000e+00,3.47833681e-04
1.10650000e+02,0.00000000e+00,3.50500210e-04
1.10750000e+02,0.00000000e+00,3.55024085e-04
1.10850000e+02,0.00000000e+00,3.55511619e-04
1.10950000e+02,0.00000000e+00,3.63653227e-04
1.11050000e+02,0.00000000e+00,3.58810607e-04
1.11150000e+02,0.00000000e+00,3.60484945e-04
1.11250000e+02,0.00000000e+00,3.52529487e-04
1.11350000e+02,0.00000000e+00,3.54183223e-04
1.11450000e+02,0.00000000e+00,3.52936830e-04
1.11550000e+02,0.00000000e+00,3.71345612e-04
1.11650000e+02,0.00000000e+00,3.46261028e-04
1.11750000e+02,0.00000000e+00,3.36015535e-04
1.11850000e+02,0.00000000e+00,3.40139963e-04
1.11950000e+02,0.00000000e+00,3.48828691e-04
1.12050000e+02,0.00000000e+00,3.45319204e-04
1.12150000e+02,0.00000000e+00,3.54782899e-04
1.12250000e+02,0.00000000e+00,3.49503383e-04
1.12350000e+02,0.00000000e+00,3.37196575e-04
1.12450000e+02,0.00000000e+00,3.39643249e-04
1.12550000e+02,0.00000000e+00,3.15834668e-04
1.12650000e+02,0.00000000e+00,3.11965853e-04
1.12750000e+02,0.00000000e+00,3.08725014e-04
1.12850000e+02,0.00000000e+00,3.14746477e-04
1.12950000e+02,0.00000000e+00,3.05723064e-04
1.13050000e+02,0.00000000e+00,3.05028174e-04
1.13150000e+02,0.00000000e+00,3.11965507e-04
1.13250000e+02,0.00000000e+00,3.13101509e-04
1.13350000e+02,0.00000000e+00,3.07313222e-04
1.13450000e+02,0.00000000e+00,2.97882665e-04
1.13550000e+02,0.00000000e+00,3.06248065e-04
1.13650000e+02,0.00000000e+00,3.04092173e-04
1.13750000e+02,0.00000000e+00,3.04166718e-04
1.13850000e+02,0.00000000e+00,3.00790335e-04
1.13950000e+02,0.00000000e+00,2.95383868e-04
1.14050000e+02,0.00000000e+00,2.93642505e-04
1.14150000e+02,0.00000000e+00,2.91281540e-04
1.14250000e+02,0.00000000e+00,2.96874823e-04
1.14350000e+02,0.00000000e+00,2.96374492e-04
1.14450000e+02,0.00000000e+00,2.98620734e-04
1.14550000e+02,0.00000000e+00,2.91934833e-04
1.14650000e+02,0.00000000e+00,2.91299547e-04
1.14750000e+02,0.00000000e+00,2.99946043e-04
1.14850000e+02,0.00000000e+00,2.93351393e-04
1.14950000e+02,0.00000000e+00,2.95230351e-04
1.15050000e+02,0.00000000e+00,2.94723238e-04
1.15150000e+02,0.00000000e+00,2.91184665e-04
1.15250000e+02,0.00000000e+00,2.85018580e-04
1.15350000e+02,0.00000000e+00,2.93061864e-04
1.15450000e+02,0.00000000e+00,2.91979178e-04
1.15550000e+02,0.00000000e+00,2.88717391e-04
1.15650000e+02,0.00000000e+00,2.94985619e-04
1.15750000e+02,0.00000000e+00,2.91766001e-04
1.15850000e+02,0.00000000e+00,2.93788310e-04
1.15950000e+02,0.00000000e+00,2.91671296e-04
1.16050000e+02,0.00000000e+00,2.85951902e-04
1.16150000e+02,0.00000000e+00,2.85380696e-04
1.16250000e+02,0.00000000e+00,2.90253767e-04
1.16350000e+02,0.00000000e+00,2.91736780e-04
1.16450000e+02,0.00000000e+00,2.84985968e-04
1.16550000e+02,0.00000000e+00,2.82632517e-04
1.16650000e+02,0.00000000e+00,2.80862196e-04
1.16750000e+02,0.00000000e+00,2.89768199e-04
1.16850000e+02,0.00000000e+00,2.73912357e-04
1.16950000e+02,0.00000000e+00,2.75684326e-04
1.17050000e+02,0.00000000e+00,2.83951980e-04
1.17150000e+02,0.00000000e+00,2.78262782e-04
1.17250000e+02,0.00000000e+00,2.90654603e-04
1.17350000e+02,0.00000000e+00,2.76823883e-04
1.17450000e+02,0.00000000e+00,2.74574405e-04
1.17550000e+02,0.00000000e+00,2.86316604e-04
1.17650000e+02,0.00000000e+00,2.82415312e-04
1.17750000e+02,0.00000000e+00,2.81502172e-04
1.17850000e+02,0.00000000e+00,2.71622000e-04
1.17950000e+02,0.00000000e+00,2.75995445e-04
1.18050000e+02,0.00000000e+00,2.75858045e-04
1.18150000e+02,0.00000000e+00,2.70355654e-04
1.18250000e+02,0.00000000e+00,2.71297802e-04
1.18350000e+02,0.00000000e+00,2.87142049e-04
1.18450000e+02,0.00000000e+00,2.76995529e-04
1.18550000e+02,0.00000000e+00,2.84941795e-04
1.18650000e+02,0.00000000e+00,2.80710672e-04
1.18750000e+02,0.00000000e+00,2.80123651e-04
1.18850000e+02,0.00000000e+00,2.73627812e-04
1.18950000e+02,0.00000000e+00,2.71125797e-04
1.19050000e+02,0.00000000e+00,2.74613686e-04
1.19150000e+02,0.00000000e+00,2.73156411e-04
1.19250000e+02,0.00000000e+00,2.74832518e-04
1.19350000e+02,0.00000000e+00,2.74102285e-04
1.19450000e+02,0.00000000e+00,2.75453063e-04
1.19550000e+02,0.00000000e+00,2.66598257e-04
1.19650000e+02,0.00000000e+00,2.62343547e-04
1.19750000e+02,0.00000000e+00,2.59203170e-04
1.19850000e+02,0.00000000e+00,2.54075529e-04
1.19950000e+02,0.00000000e+00,2.53058509e-04
1.20050000e+02,0.00000000e+00,2.52189552e-04
1.20150000e+02,0.00000000e+00,2.50011906e-04
1.20250000e+02,0.00000000e+00,2.47655648e-04
1.20350000e+02,0.00000000e+00,2.53955762e-04
1.20450000e+02,0.00000000e+00,2.67088507e-04
1.20550000e+02,0.00000000e+00,2.60433401e-04
1.20650000e+02,0.00000000e+00,2.50516595e-04
1.20750000e+02,0.00000000e+00,2.57685844e-04
1.20850000e+02,0.00000000e+00,2.52562118e-04
1.20950000e+02,0.00000000e+00,2.51105031e-04
1.21050000e+02,0.00000000e+00,2.50671992e-04
1.21150000e+02,0.00000000e+00,2.55971255e-04
1.21250000e+02,0.00000000e+00,2.66780202e-04
1.21350000e+02,0.00000000e+00,2.76246856e-04
1.21450000e+02,0.00000000e+00,2.73581671e-04
1.21550000e+02,0.00000000e+00,2.68554835e-04
1.21650000e+02,0.00000000e+00,2.60697506e-04
1.21750000e+02,0.00000000e+00,2.59311706e-04
1.21850000e+02,0.00000000e+00,2.61017283e-04
1.21950000e+02,0.00000000e+00,2.60009242e-04
1.22050000e+02,0.00000000e+00,2.52806599e-04
1.22150000e+02,0.00000000e+00,2.58094625e-04
1.22250000e+02,0.00000000e+00,2.60514353e-04
1.22350000e+02,0.00000000e+00,2.61506480e-04
1.22450000e+02,0.00000000e+00,2.59800166e-04
1.22550000e+02,0.00000000e+00,2.57096660e-04
1.22650000e+02,0.00000000e+00,2.57291382e-04
1.22750000e+02,0.00000000e+00,2.48956540e-04
1.22850000e+02,0.00000000e+00,2.40207314e-04
1.22950000e+02,0.00000000e+00,2.44466403e-04
1.23050000e+02,0.00000000e+00,2.47257853e-04
1.23150000e+02,0.00000000e+00,2.44952250e-04
1.23250000e+02,0.00000000e+00,2.39032407e-04
1.23350000e+02,0.00000000e+00,2.32946446e-04
1.23450000e+02,0.00000000e+00,2.33375748e-04
1.23550000e+02,0.00000000e+00,2.47738211e-04
1.23650000e+02,0.00000000e+00,2.48328373e-04
1.23750000e+02,0.00000000e+00,2.42102795e-04
1.23850000e+02,0.00000000e+00,2.32900664e-04
1.23950000e+02,0.00000000e+00,2.35082162e-04
1.24050000e+02,0.00000000e+00,2.27904352e-04
1.24150000e+02,0.00000000e+00,2.41167950e-04
1.24250000e+02,0.00000000e+00,2.32976460e-04
1.24350000e+02,0.00000000e+00,2.33243436e-04
1.24450000e+02,0.00000000e+00,2.37505765e-04
1.24550000e+02,0.00000000e+00,2.32577560e-04
1.24650000e+02,0.00000000e+00,2.21221222e-04
1.24750000e+02,0.00000000e+00,2.14141914e-04
1.24850000e+02,0.00000000e+00,2.12107057e-04
1.24950000e+02,0.00000000e+00,2.12709115e-04
1.25050000e+02,0.00000000e+00,2.17460237e-04
1.25150000e+02,0.00000000e+00,2.17634697e-04
1.25250000e+02,0.00000000e+00,2.09666137e-04
1.25350000e+02,0.00000000e+00,2.23296305e-04
1.25450000e+02,0.00000000e+00,2.20126945e-04
1.25550000e+02,0.00000000e+00,2.19133785e-04
1.25650000e+02,0.00000000e+00,2.18117128e-04
1.25750000e+02,0.00000000e+00,2.13783116e-04
1.25850000e+02,0.00000000e+00,2.11140969e-04
1.25950000e+02,0.00000000e+00,2.04132373e-04
1.26050000e+02,0.00000000e+00,1.99980917e-04
1.26150000e+02,0.00000000e+00,1.91949830e-04
1.26250000e+02,0.00000000e+00,1.93667717e-04
1.26350000e+02,0.00000000e+00,1.97541656e-04
1.26450000e+02,0.00000000e+00,2.04409640e-04
1.26550000e+02,0.00000000e+00,2.11768917e-04
1.26650000e+02,0.00000000e+00,2.11257927e-04
1.26750000e+02,0.00000000e+00,2.01940853e-04
1.26850000e+02,0.00000000e+00,2.06348312e-04
1.26950000e+02,0.00000000e+00,2.14344314e-04
1.27050000e+02,0.00000000e+00,2.08273941e-04
1.27150000e+02,0.00000000e+00,2.11198644e-04
1.27250000e+02,0.00000000e+00,1.99277842e-04
1.27350000e+02,0.00000000e+00,1.93768354e-04
1.27450000e+02,0.00000000e+00,1.97098810e-04
1.27550000e+02,0.00000000e+00,1.99708298e-04
1.27650000e+02,0.00000000e+00,2.04738628e-04
1.27750000e+02,0.00000000e+00,2.03456481e-04
1.27850000e+02,0.00000000e+00,1.99843191e-04
1.27950000e+02,0.00000000e+00,2.10369949e-04
1.28050000e+02,0.00000000e+00,2.06345141e-04
1.28150000e+02,0.00000000e+00,2.05048709e-04
1.28250000e+02,0.00000000e+00,2.04587473e-04
1.28350000e+02,0.00000000e+00,2.05875182e-04
1.28450000e+02,0.00000000e+00,2.08449273e-04
1.28550000e+02,0.00000000e+00,2.04400993e-04
1.28650000e+02,0.00000000e+00,1.99480476e-04
1.28750000e+02,0.00000000e+00,2.06468600e-04
1.28850000e+02,0.00000000e+00,2.06731536e-04
1.28950000e+02,0.00000000e+00,2.11258711e-04
1.29050000e+02,0.00000000e+00,2.17297127e-04
1.29150000e+02,0.00000000e+00,2.09352212e-04
1.29250000e+02,0.00000000e+00,2.12538738e-04
1.29350000e+02,0.00000000e+00,2.08528139e-04
1.29450000e+02,0.00000000e+00,2.08445198e-04
1.29550000e+02,0.00000000e+00,2.05411052e-04
1.29650000e+02,0.00000000e+00,1.97389242e-04
1.29750000e+02,0.00000000e+00,1.92934410e-04
1.29850000e+02,0.00000000e+00,1.91861774e-04
1.29950000e+02,0.00000000e+00,1.92685996e-04
1.30050000e+02,0.00000000e+00,1.88697367e-04
1.30150000e+02,0.00000000e+00,1.88984351e-04
1.30250000e+02,0.00000000e+00,1.87070914e-04
1.30350000e+02,0.00000000e+00,1.92415172e-04
1.30450000e+02,0.00000000e+00,1.91191148e-04
1.30550000e+02,0.00000000e+00,1.81393848e-04
1.30650000e+02,0.00000000e+00,1.86382615e-04
1.30750000e+02,0.00000000e+00,1.89438642e-04
1.30850000e+02,0.00000000e+00,1.94513539e-04
1.30950000e+02,0.00000000e+00,1.85102197e-04
1.31050000e+02,0.00000000e+00,1.85223292e-04
1.31150000e+02,0.00000000e+00,1.87970543e-04
1.31250000e+02,0.00000000e+00,1.93563775e-04
1.31350000e+02,0.00000000e+00,1.78616196e-04
1.31450000e+02,0.00000000e+00,1.79502782e-04
1.31550000e+02,0.00000000e+00,1.79393679e-04
1.31650000e+02,0.00000000e+00,1.81221696e-04
1.31750000e+02,0.00000000e+00,1.76293122e-04
1.31850000e+02,0.00000000e+00,1.83733976e-04
1.31950000e+02,0.00000000e+00,1.71236199e-04
1.32050000e+02,0.00000000e+00,1.73192328e-04
1.32150000e+02,0.00000000e+00,1.63292772e-04
1.32250000e+02,0.00000000e+00,1.63766422e-04
1.32350000e+02,0.00000000e+00,1.61892465e-04
1.32450000e+02,0.00000000e+00,1.62868072e-04
1.32550000e+02,0.00000000e+00,1.57136664e-04
1.32650000e+02,0.00000000e+00,1.57665314e-04
1.32750000e+02,0.00000000e+00,1.57709124e-04
1.32850000e+02,0.00000000e+00,1.59588724e-04
1.32950000e+02,0.00000000e+00,1.58568661e-04
1.33050000e+02,0.00000000e+00,1.58270761e-04
1.33150000e+02,0.00000000e+00,1.54325026e-04
1.33250000e+02,0.00000000e+00,1.54910621e-04
1.33350000e+02,0.00000000e+00,1.49204595e-04
1.33450000e+02,0.00000000e+00,1.43558089e-04
1.33550000e+02,0.00000000e+00,1.41685257e-04
1.33650000e+02,0.00000000e+00,1.42820203e-04
1.33750000e+02,0.00000000e+00,1.44958711e-04
1.33850000e+02,0.00000000e+00,1.42359712e-04
1.33950000e+02,0.00000000e+00,1.45534292e-04
1.34050000e+02,0.00000000e+00,1.54124504e-04
1.34150000e+02,0.00000000e+00,1.45414786e-04
1.34250000e+02,0.00000000e+00,1.41263544e-04
1.34350000e+02,0.00000000e+00,1.42550836e-04
1.34450000e+02,0.00000000e+00,1.39863374e-04
1.34550000e+02,0.00000000e+00,1.39909524e-04
1.34650000e+02,0.00000000e+00,1.41081038e-04
1.34750000e+02,0.00000000e+00,1.41516993e-04
1.34850000e+02,0.00000000e+00,1.39058443e-04
1.34950000e+02,0.00000000e+00,1.33683004e-04
1.35050000e+02,0.00000000e+00,1.36684572e-04
1.35150000e+02,0.00000000e+00,1.33876565e-04
1.35250000e+02,0.00000000e+00,1.33794425e-04
1.35350000e+02,0.00000000e+00,1.33626315e-04
1.35450000e+02,0.00000000e+00,1.29571186e-04
1.35550000e+02,0.00000000e+00,1.43655017e-04
1.35650000e+02,0.00000000e+00,1.29679686e-04
1.35750000e+02,0.00000000e+00,1.23704547e-04
1.35850000e+02,0.00000000e+00,1.31370222e-04
1.35950000e+02,0.00000000e+00,1.28687174e-04
1.36050000e+02,0.00000000e+00,1.26224636e-04
1.36150000e+02,0.00000000e+00,1.30045076e-04
1.36250000e+02,0.00000000e+00,1.29533698e-04
1.36350000e+02,0.00000000e+00,1.26577064e-04
1.36450000e+02,0.00000000e+00,1.23406978e-04
1.36550000e+02,0.00000000e+00,1.25420359e-04
1.36650000e+02,0.00000000e+00,1.30432989e-04
1.36750000e+02,0.00000000e+00,1.31521980e-04
1.36850000e+02,0.00000000e+00,1.28316730e-04
1.36950000e+02,0.00000000e+00,1.19291609e-04
1.37050000e+02,0.00000000e+00,1.15083979e-04
1.37150000e+02,0.00000000e+00,1.20546974e-04
1.37250000e+02,0.00000000e+00,1.15470912e-04
1.37350000e+02,0.00000000e+00,1.11062309e-04
1.37450000e+02,0.00000000e+00,1.04997329e-04
1.37550000e+02,0.00000000e+00,1.10113422e-04
1.37650000e+02,0.00000000e+00,1.09048276e-04
1.37750000e+02,0.00000000e+00,1.09838758e-04
1.37850000e+02,0.00000000e+00,1.09543656e-04
1.37950000e+02,0.00000000e+00,1.06488610e-04
1.38050000e+02,0.00000000e+00,1.04901655e-04
1.38150000e+02,0.00000000e+00,1.04216661e-04
1.38250000e+02,0.00000000e+00,1.02001976e-04
1.38350000e+02,0.00000000e+00,1.03357006e-04
1.38450000e+02,0.00000000e+00,9.94042398e-05
1.38550000e+02,0.00000000e+00,1.02048630e-04
1.38650000e+02,0.00000000e+00,1.03751341e-04
1.38750000e+02,0.00000000e+00,1.00935075e-04
1.38850000e+02,0.00000000e+00,1.01297344e-04
1.38950000e+02,0.00000000e+00,9.39925270e-05
1.39050000e+02,0.00000000e+00,8.98498135e-05
1.39150000e+02,0.00000000e+00,8.63287579e-05
1.39250000e+02,0.00000000e+00,8.91440710e-05
1.39350000e+02,0.00000000e+00,8.79693106e-05
1.39450000e+02,0.00000000e+00,8.89382759e-05
1.39550000e+02,0.00000000e+00,9.10204250e-05
1.39650000e+02,0.00000000e+00,9.25620947e-05
1.39750000e+02,0.00000000e+00,9.11971318e-05
1.39850000e+02,0.00000000e+00,9.06086754e-05
1.39950000e+02,0.00000000e+00,9.39534513e-05
1.40050000e+02,0.00000000e+00,9.14918987e-05
1.40150000e+02,0.00000000e+00,9.30977334e-05
1.40250000e+02,0.00000000e+00,8.83799320e-05
1.40350000e+02,0.00000000e+00,9.59819505e-05
1.40450000e+02,0.00000000e+00,8.44085246e-05
1.40550000e+02,0.00000000e+00,8.37031724e-05
1.40650000e+02,0.00000000e+00,9.01998231e-05
1.40750000e+02,0.00000000e+00,8.15607878e-05
1.40850000e+02,0.00000000e+00,8.33027680e-05
1.40950000e+02,0.00000000e+00,8.94944979e-05
1.41050000e+02,0.00000000e+00,8.62110091e-05
1.41150000e+02,0.00000000e+00,8.48714847e-05
1.41250000e+02,0.00000000e+00,8.17885203e-05
1.41350000e+02,0.00000000e+00,8.18093077e-05
1.41450000e+02,0.00000000e+00,8.40572328e-05
1.41550000e+02,0.00000000e+00,8.45570823e-05
1.41650000e+02,0.00000000e+00,8.70251744e-05
1.41750000e+02,0.00000000e+00,8.52447652e-05
1.41850000e+02,0.00000000e+00,8.22694859e-05
1.41950000e+02,0.00000000e+00,8.18157034e-05
1.42050000e+02,0.00000000e+00,7.82062329e-05
1.42150000e+02,0.00000000e+00,7.80150052e-05
1.42250000e+02,0.00000000e+00,8.05438769e-05
1.42350000e+02,0.00000000e+00,8.55598602e-05
1.42450000e+02,0.00000000e+00,8.29073896e-05
1.42550000e+02,0.00000000e+00,8.10975211e-05
1.42650000e+02,0.00000000e+00,8.43592756e-05
1.42750000e+02,0.00000000e+00,7.91693089e-05
1.42850000e+02,0.00000000e+00,7.32920090e-05
1.42950000e+02,0.00000000e+00,7.31103823e-05
1.43050000e+02,0.00000000e+00,6.98012092e-05
1.43150000e+02,0.00000000e+00,6.72352945e-05
1.43250000e+02,0.00000000e+00,6.57849297e-05
1.43350000e+02,0.00000000e+00,6.78362317e-05
1.43450000e+02,0.00000000e+00,6.99459478e-05
1.43550000e+02,0.00000000e+00,6.32570210e-05
1.43650000e+02,0.00000000e+00,6.34858165e-05
1.43750000e+02,0.00000000e+00,6.68905129e-05
1.43850000e+02,0.00000000e+00,6.68976600e-05
1.43950000e+02,0.00000000e+00,6.77764168e-05
1.44050000e+02,0.00000000e+00,6.61807403e-05
1.44150000e+02,0.00000000e+00,6.51969898e-05
1.44250000e+02,0.00000000e+00,6.07476409e-05
1.44350000e+02,0.00000000e+00,5.86196938e-05
1.44450000e+02,0.00000000e+00,5.75864622e-05
1.44550000e+02,0.00000000e+00,5.88101179e-05
1.44650000e+02,0.00000000e+00,5.71228376e-05
1.44750000e+02,0.00000000e+00,5.98347551e-05
1.44850000e+02,0.00000000e+00,6.20786538e-05
1.44950000e+02,0.00000000e+00,5.82198754e-05
1.45050000e+02,0.00000000e+00,5.43587806e-05
1.45150000e+02,0.00000000e+00,5.46519479e-05
1.45250000e+02,0.00000000e+00,5.38981485e-05
1.45350000e+02,0.00000000e+00,5.54614704e-05
1.45450000e+02,0.00000000e+00,5.29242882e-05
1.45550000e+02,0.00000000e+00,5.02339423e-05
1.45650000e+02,0.00000000e+00,5.01089393e-05
1.45750000e+02,0.00000000e+00,4.79421740e-05
1.45850000e+02,0.00000000e+00,5.02536336e-05
1.45950000e+02,0.00000000e+00,4.66665479e-05
1.46050000e+02,0.00000000e+00,4.58384310e-05
1.46150000e+02,0.00000000e+00,4.36390363e-05
1.46250000e+02,0.00000000e+00,4.35017949e-05
1.46350000e+02,0.00000000e+00,4.22966019e-05
1.46450000e+02,0.00000000e+00,3.93797967e-05
1.46550000e+02,0.00000000e+00,4.01892785e-05
1.46650000e+02,0.00000000e+00,3.83744545e-05
1.46750000e+02,0.00000000e+00,3.70739772e-05
1.46850000e+02,0.00000000e+00,3.76066790e-05
1.46950000e+02,0.00000000e+00,3.86301010e-05
1.47050000e+02,0.00000000e+00,3.67437810e-05
1.47150000e+02,0.00000000e+00,3.60409514e-05
1.47250000e+02,0.00000000e+00,3.57121039e-05
1.47350000e+02,0.00000000e+00,3.37281204e-05
1.47450000e+02,0.00000000e+00,3.55399628e-05
1.47550000e+02,0.00000000e+00,3.31252325e-05
1.47650000e+02,0.00000000e+00,3.44282447e-05
1.47750000e+02,0.00000000e+00,3.52905375e-05
1.47850000e+02,0.00000000e+00,3.59679645e-05
1.47950000e+02,0.00000000e+00,3.44675016e-05
1.48050000e+02,0.00000000e+00,3.16544659e-05
1.48150000e+02,0.00000000e+00,2.97786162e-05
1.48250000e+02,0.00000000e+00,2.98608668e-05
1.48350000e+02,0.00000000e+00,3.03294857e-05
1.48450000e+02,0.00000000e+00,2.80435567e-05
1.48550000e+02,0.00000000e+00,2.72258826e-05
1.48650000e+02,0.00000000e+00,2.65192771e-05
1.48750000e+02,0.00000000e+00,2.34444686e-05
1.48850000e+02,0.00000000e+00,2.29871782e-05
1.48950000e+02,0.00000000e+00,2.33716504e-05
1.49050000e+02,0.00000000e+00,2.31260126e-05
1.49150000e+02,0.00000000e+00,2.15257477e-05
1.49250000e+02,0.00000000e+00,3.20048909e-05
1.49350000e+02,0.00000000e+00,1.97979874e-05
1.49450000e+02,0.00000000e+00,1.80024393e-05
1.49550000e+02,0.00000000e+00,1.70701832e-05
1.49650000e+02,0.00000000e+00,1.68508317e-05
1.49750000e+02,0.00000000e+00,1.52452840e-05
1.49850000e+02,0.00000000e+00,1.51684659e-05
1.49950000e+02,0.00000000e+00,1.48344204e-05
