nuclide,atoms_initial,atoms_final,delta_atoms
Ac206,0.0,0.0,0.0
Ac206_m1,0.0,0.0,0.0
Ac207,0.0,0.0,0.0
Ac208,0.0,0.0,0.0
Ac208_m1,0.0,0.0,0.0
Ac209,0.0,0.0,0.0
Ac210,0.0,0.0,0.0
Ac211,0.0,0.0,0.0
Ac212,0.0,0.0,0.0
Ac213,0.0,0.0,0.0
Ac214,0.0,0.0,0.0
Ac215,0.0,0.0,0.0
Ac216,0.0,0.0,0.0
Ac216_m1,0.0,0.0,0.0
Ac217,0.0,0.0,0.0
Ac218,0.0,0.0,0.0
Ac219,0.0,0.0,0.0
Ac220,0.0,1.919537878378991e-05,1.919537878378991e-05
Ac221,0.0,-0.00013273878782766723,-0.00013273878782766723
Ac222,0.0,0.0,0.0
Ac222_m1,0.0,0.0,0.0
Ac223,0.0,0.0,0.0
Ac224,0.0,-0.009415080720010934,-0.009415080720010934
Ac225,0.0,3618.908567881937,3618.908567881937
Ac226,0.0,0.0,0.0
Ac227,0.0,11080640814.267065,11080640814.267065
Ac228,0.0,5.010295346628716,5.010295346628716
Ac229,0.0,0.0,0.0
Ac230,0.0,0.0,0.0
Ac231,0.0,0.0,0.0
Ac232,0.0,0.0,0.0
Ac233,0.0,0.0,0.0
Ac234,0.0,0.0,0.0
Ac235,0.0,0.0,0.0
Ac236,0.0,0.0,0.0
Ag100,0.0,0.0,0.0
Ag100_m1,0.0,0.0,0.0
Ag101,0.0,0.0,0.0
Ag101_m1,0.0,0.0,0.0
Ag102,0.0,0.0,0.0
Ag102_m1,0.0,0.0,0.0
Ag103,0.0,0.0,0.0
Ag103_m1,0.0,0.0,0.0
Ag104,0.0,0.0,0.0
Ag104_m1,0.0,0.0,0.0
Ag105,0.0,0.0,0.0
Ag105_m1,0.0,0.0,0.0
Ag106,0.0,0.0,0.0
Ag106_m1,0.0,0.0,0.0
Ag107,0.0,0.0,0.0
Ag107_m1,0.0,0.0,0.0
Ag108,0.0,0.0,0.0
Ag108_m1,0.0,0.0,0.0
Ag109,3.8647560000000007e+20,3.8647560000000007e+20,0.0
Ag109_m1,0.0,0.0,0.0
Ag110,0.0,0.0,0.0
Ag110_m1,0.0,0.0,0.0
Ag111,0.0,0.0,0.0
Ag111_m1,0.0,0.0,0.0
Ag112,0.0,0.0,0.0
Ag113,0.0,0.0,0.0
Ag113_m1,0.0,0.0,0.0
Ag114,0.0,0.0,0.0
Ag114_m1,0.0,0.0,0.0
Ag115,0.0,0.0,0.0
Ag115_m1,0.0,0.0,0.0
Ag116,0.0,0.0,0.0
Ag116_m1,0.0,0.0,0.0
Ag116_m2,0.0,0.0,0.0
Ag117,0.0,0.0,0.0
Ag117_m1,0.0,0.0,0.0
Ag118,0.0,0.0,0.0
Ag118_m1,0.0,0.0,0.0
Ag119,0.0,0.0,0.0
Ag119_m1,0.0,0.0,0.0
Ag120,0.0,0.0,0.0
Ag120_m1,0.0,0.0,0.0
Ag121,0.0,0.0,0.0
Ag122,0.0,0.0,0.0
Ag122_m1,0.0,0.0,0.0
Ag123,0.0,0.0,0.0
Ag124,0.0,0.0,0.0
Ag125,0.0,0.0,0.0
Ag126,0.0,0.0,0.0
Ag127,0.0,0.0,0.0
Ag128,0.0,0.0,0.0
Ag129,0.0,0.0,0.0
Ag130,0.0,0.0,0.0
Ag93,0.0,0.0,0.0
Ag94,0.0,0.0,0.0
Ag94_m1,0.0,0.0,0.0
Ag94_m2,0.0,0.0,0.0
Ag95,0.0,0.0,0.0
Ag95_m1,0.0,0.0,0.0
Ag95_m2,0.0,0.0,0.0
Ag95_m3,0.0,0.0,0.0
Ag96,0.0,0.0,0.0
Ag96_m1,0.0,0.0,0.0
Ag97,0.0,0.0,0.0
Ag98,0.0,0.0,0.0
Ag99,0.0,0.0,0.0
Ag99_m1,0.0,0.0,0.0
Al21,0.0,0.0,0.0
Al22,0.0,0.0,0.0
Al23,0.0,0.0,0.0
Al24,0.0,0.0,0.0
Al24_m1,0.0,0.0,0.0
Al25,0.0,0.0,0.0
Al26,0.0,0.0,0.0
Al26_m1,0.0,0.0,0.0
Al27,0.0,0.0,0.0
Al28,0.0,0.0,0.0
Al29,0.0,0.0,0.0
Al30,0.0,0.0,0.0
Al31,0.0,0.0,0.0
Al32,0.0,0.0,0.0
Al33,0.0,0.0,0.0
Al34,0.0,0.0,0.0
Al35,0.0,0.0,0.0
Al36,0.0,0.0,0.0
Al37,0.0,0.0,0.0
Al38,0.0,0.0,0.0
Al39,0.0,0.0,0.0
Al40,0.0,0.0,0.0
Al41,0.0,0.0,0.0
Al42,0.0,0.0,0.0
Am231,0.0,0.0,0.0
Am232,0.0,0.0,0.0
Am233,0.0,0.0,0.0
Am234,0.0,0.0,0.0
Am235,0.0,0.0,0.0
Am236,0.0,0.0,0.0
Am237,0.0,1.684300677019673e-05,1.684300677019673e-05
Am238,0.0,0.0,0.0
Am239,0.0,0.0,0.0
Am240,0.0,0.0,0.0
Am241,9.151969999999999e+18,1.0337046807139222e+19,1.1850768071392225e+18
Am242,0.0,545007798580.2721,545007798580.2721
Am242_m1,4.245087999999999e+16,4.224284838916368e+16,-208031610836312.0
Am242_m2,0.0,0.0,0.0
Am243,2503047000000000.0,2502832479811763.0,-214520188237.0
Am244,0.0,0.0,0.0
Am244_m1,0.0,0.0,0.0
Am245,0.0,0.0,0.0
Am246,0.0,0.0,0.0
Am246_m1,0.0,0.0,0.0
Am247,0.0,0.0,0.0
Am248,0.0,0.0,0.0
Am249,0.0,0.0,0.0
Ar30,0.0,0.0,0.0
Ar31,0.0,0.0,0.0
Ar32,0.0,0.0,0.0
Ar33,0.0,0.0,0.0
Ar34,0.0,0.0,0.0
Ar35,0.0,0.0,0.0
Ar36,0.0,0.0,0.0
Ar37,0.0,0.0,0.0
Ar38,0.0,0.0,0.0
Ar39,0.0,0.0,0.0
Ar40,0.0,0.0,0.0
Ar41,0.0,0.0,0.0
Ar42,0.0,0.0,0.0
Ar43,0.0,0.0,0.0
Ar44,0.0,0.0,0.0
Ar45,0.0,0.0,0.0
Ar46,0.0,0.0,0.0
Ar47,0.0,0.0,0.0
Ar48,0.0,0.0,0.0
Ar49,0.0,0.0,0.0
Ar50,0.0,0.0,0.0
Ar51,0.0,0.0,0.0
Ar52,0.0,0.0,0.0
Ar53,0.0,0.0,0.0
As60,0.0,0.0,0.0
As61,0.0,0.0,0.0
As62,0.0,0.0,0.0
As63,0.0,0.0,0.0
As64,0.0,0.0,0.0
As65,0.0,0.0,0.0
As66,0.0,0.0,0.0
As67,0.0,0.0,0.0
As68,0.0,0.0,0.0
As69,0.0,0.0,0.0
As70,0.0,0.0,0.0
As71,0.0,0.0,0.0
As72,0.0,0.0,0.0
As73,0.0,0.0,0.0
As74,0.0,0.0,0.0
As75,0.0,0.0,0.0
As75_m1,0.0,0.0,0.0
As76,0.0,0.0,0.0
As77,0.0,0.0,0.0
As78,0.0,0.0,0.0
As79,0.0,0.0,0.0
As80,0.0,0.0,0.0
As81,0.0,0.0,0.0
As82,0.0,0.0,0.0
As82_m1,0.0,0.0,0.0
As83,0.0,0.0,0.0
As84,0.0,0.0,0.0
As85,0.0,0.0,0.0
As86,0.0,0.0,0.0
As87,0.0,0.0,0.0
As88,0.0,0.0,0.0
As89,0.0,0.0,0.0
As90,0.0,0.0,0.0
As91,0.0,0.0,0.0
As92,0.0,0.0,0.0
At193,0.0,0.0,0.0
At194,0.0,0.0,0.0
At194_m1,0.0,0.0,0.0
At195,0.0,0.0,0.0
At195_m1,0.0,0.0,0.0
At196,0.0,0.0,0.0
At196_m1,0.0,0.0,0.0
At197,0.0,0.0,0.0
At197_m1,0.0,0.0,0.0
At198,0.0,0.0,0.0
At198_m1,0.0,0.0,0.0
At199,0.0,0.0,0.0
At200,0.0,0.0,0.0
At200_m1,0.0,0.0,0.0
At200_m2,0.0,0.0,0.0
At201,0.0,0.0,0.0
At202,0.0,0.0,0.0
At202_m1,0.0,0.0,0.0
At202_m2,0.0,0.0,0.0
At203,0.0,0.0,0.0
At204,0.0,0.0,0.0
At204_m1,0.0,0.0,0.0
At205,0.0,0.0,0.0
At206,0.0,0.0,0.0
At207,0.0,0.0,0.0
At208,0.0,0.0,0.0
At209,0.0,0.0,0.0
At210,0.0,0.0,0.0
At211,0.0,0.0,0.0
At212,0.0,0.0002283093439999788,0.0002283093439999788
At212_m1,0.0,0.0,0.0
At213,0.0,-2.361722699290786e-10,-2.361722699290786e-10
At214,0.0,0.0,0.0
At215,0.0,2.9135064103721495e-09,2.9135064103721495e-09
At216,0.0,-2.5604694024668584e-11,-2.5604694024668584e-11
At217,0.0,0.00013528575343366338,0.00013528575343366338
At218,0.0,1.3276814595427487e-05,1.3276814595427487e-05
At219,0.0,0.0007476981558105899,0.0007476981558105899
At220,0.0,0.0,0.0
At221,0.0,0.0,0.0
At222,0.0,0.0,0.0
At223,0.0,0.0,0.0
Au169,0.0,0.0,0.0
Au170,0.0,0.0,0.0
Au170_m1,0.0,0.0,0.0
Au171,0.0,0.0,0.0
Au171_m1,0.0,0.0,0.0
Au172,0.0,0.0,0.0
Au173,0.0,0.0,0.0
Au173_m1,0.0,0.0,0.0
Au174,0.0,0.0,0.0
Au174_m1,0.0,0.0,0.0
Au175,0.0,0.0,0.0
Au175_m1,0.0,0.0,0.0
Au176,0.0,0.0,0.0
Au176_m1,0.0,0.0,0.0
Au177,0.0,0.0,0.0
Au177_m1,0.0,0.0,0.0
Au178,0.0,0.0,0.0
Au179,0.0,0.0,0.0
Au180,0.0,0.0,0.0
Au181,0.0,0.0,0.0
Au182,0.0,0.0,0.0
Au183,0.0,0.0,0.0
Au184,0.0,0.0,0.0
Au184_m1,0.0,0.0,0.0
Au185,0.0,0.0,0.0
Au186,0.0,0.0,0.0
Au187,0.0,0.0,0.0
Au187_m1,0.0,0.0,0.0
Au188,0.0,0.0,0.0
Au189,0.0,0.0,0.0
Au189_m1,0.0,0.0,0.0
Au190,0.0,0.0,0.0
Au190_m1,0.0,0.0,0.0
Au191,0.0,0.0,0.0
Au191_m1,0.0,0.0,0.0
Au192,0.0,0.0,0.0
Au192_m1,0.0,0.0,0.0
Au192_m2,0.0,0.0,0.0
Au193,0.0,0.0,0.0
Au193_m1,0.0,0.0,0.0
Au194,0.0,0.0,0.0
Au194_m1,0.0,0.0,0.0
Au194_m2,0.0,0.0,0.0
Au195,0.0,0.0,0.0
Au195_m1,0.0,0.0,0.0
Au196,0.0,0.0,0.0
Au196_m1,0.0,0.0,0.0
Au196_m2,0.0,0.0,0.0
Au197,0.0,0.0,0.0
Au197_m1,0.0,0.0,0.0
Au198,0.0,0.0,0.0
Au198_m1,0.0,0.0,0.0
Au199,0.0,0.0,0.0
Au200,0.0,0.0,0.0
Au200_m1,0.0,0.0,0.0
Au201,0.0,0.0,0.0
Au202,0.0,0.0,0.0
Au203,0.0,0.0,0.0
Au204,0.0,0.0,0.0
Au205,0.0,0.0,0.0
B10,0.0,0.0,0.0
B11,0.0,0.0,0.0
B12,0.0,0.0,0.0
B13,0.0,0.0,0.0
B14,0.0,0.0,0.0
B15,0.0,0.0,0.0
B16,0.0,0.0,0.0
B17,0.0,0.0,0.0
B18,0.0,0.0,0.0
B19,0.0,0.0,0.0
B6,0.0,0.0,0.0
B7,0.0,0.0,0.0
B8,0.0,0.0008708244992248612,0.0008708244992248612
B9,0.0,0.0,0.0
Ba114,0.0,0.0,0.0
Ba115,0.0,0.0,0.0
Ba116,0.0,0.0,0.0
Ba117,0.0,0.0,0.0
Ba118,0.0,0.0,0.0
Ba119,0.0,0.0,0.0
Ba120,0.0,0.0,0.0
Ba121,0.0,0.0,0.0
Ba122,0.0,0.0,0.0
Ba123,0.0,0.0,0.0
Ba124,0.0,0.0,0.0
Ba125,0.0,0.0,0.0
Ba126,0.0,0.0,0.0
Ba127,0.0,0.0,0.0
Ba127_m1,0.0,0.0,0.0
Ba128,0.0,0.0,0.0
Ba129,0.0,0.0,0.0
Ba129_m1,0.0,0.0,0.0
Ba130,0.0,0.0,0.0
Ba130_m1,0.0,0.0,0.0
Ba131,0.0,0.0,0.0
Ba131_m1,0.0,0.0,0.0
Ba132,0.0,0.0,0.0
Ba133,0.0,0.0,0.0
Ba133_m1,0.0,0.0,0.0
Ba134,0.0,0.0,0.0
Ba135,0.0,5932661249304325.0,5932661249304325.0
Ba135_m1,0.0,0.0,0.0
Ba136,0.0,0.0,0.0
Ba136_m1,0.0,0.0,0.0
Ba137,0.0,3.014610414163912e+20,3.014610414163912e+20
Ba137_m1,0.0,1976839603475106.0,1976839603475106.0
Ba138,1.979468e+22,1.979468e+22,0.0
Ba139,0.0,0.0,0.0
Ba140,0.0,0.0,0.0
Ba141,0.0,0.0,0.0
Ba142,0.0,0.0,0.0
Ba143,0.0,0.0,0.0
Ba144,0.0,0.0,0.0
Ba145,0.0,0.0,0.0
Ba146,0.0,0.0,0.0
Ba147,0.0,0.0,0.0
Ba148,0.0,0.0,0.0
Ba149,0.0,0.0,0.0
Ba150,0.0,0.0,0.0
Ba151,0.0,0.0,0.0
Ba152,0.0,0.0,0.0
Ba153,0.0,0.0,0.0
Be10,0.0,0.0,0.0
Be11,0.0,0.0,0.0
Be12,0.0,0.0,0.0
Be13,0.0,0.0,0.0
Be14,0.0,0.0,0.0
Be15,0.0,0.0,0.0
Be16,0.0,0.0,0.0
Be5,0.0,0.0,0.0
Be6,0.0,0.0,0.0
Be7,0.0,0.0,0.0
Be8,0.0,0.0,0.0
Be9,0.0,0.0,0.0
Bh260,0.0,0.0,0.0
Bh261,0.0,0.0,0.0
Bh262,0.0,0.0,0.0
Bh262_m1,0.0,0.0,0.0
Bh263,0.0,0.0,0.0
Bh264,0.0,0.0,0.0
Bh265,0.0,0.0,0.0
Bh266,0.0,0.0,0.0
Bh267,0.0,0.0,0.0
Bh269,0.0,0.0,0.0
Bi184,0.0,0.0,0.0
Bi184_m1,0.0,0.0,0.0
Bi185,0.0,0.0,0.0
Bi186,0.0,0.0,0.0
Bi186_m1,0.0,0.0,0.0
Bi187,0.0,0.0,0.0
Bi187_m1,0.0,0.0,0.0
Bi188,0.0,0.0,0.0
Bi188_m1,0.0,0.0,0.0
Bi189,0.0,0.0,0.0
Bi189_m1,0.0,0.0,0.0
Bi190,0.0,0.0,0.0
Bi190_m1,0.0,0.0,0.0
Bi191,0.0,0.0,0.0
Bi191_m1,0.0,0.0,0.0
Bi192,0.0,0.0,0.0
Bi192_m1,0.0,0.0,0.0
Bi193,0.0,0.0,0.0
Bi193_m1,0.0,0.0,0.0
Bi194,0.0,0.0,0.0
Bi194_m1,0.0,0.0,0.0
Bi194_m2,0.0,0.0,0.0
Bi195,0.0,0.0,0.0
Bi195_m1,0.0,0.0,0.0
Bi196,0.0,0.0,0.0
Bi196_m1,0.0,0.0,0.0
Bi196_m2,0.0,0.0,0.0
Bi197,0.0,0.0,0.0
Bi197_m1,0.0,0.0,0.0
Bi198,0.0,0.0,0.0
Bi198_m1,0.0,0.0,0.0
Bi198_m2,0.0,0.0,0.0
Bi199,0.0,0.0,0.0
Bi199_m1,0.0,0.0,0.0
Bi200,0.0,0.0,0.0
Bi200_m1,0.0,0.0,0.0
Bi200_m2,0.0,0.0,0.0
Bi201,0.0,0.0,0.0
Bi201_m1,0.0,0.0,0.0
Bi202,0.0,0.0,0.0
Bi203,0.0,0.0,0.0
Bi203_m1,0.0,0.0,0.0
Bi204,0.0,0.0,0.0
Bi204_m1,0.0,0.0,0.0
Bi204_m2,0.0,0.0,0.0
Bi205,0.0,0.0,0.0
Bi206,0.0,0.0,0.0
Bi207,0.0,0.0,0.0
Bi208,0.0,25.254562734778016,25.254562734778016
Bi208_m1,0.0,0.0,0.0
Bi209,0.0,37614.19859729178,37614.19859729178
Bi210,0.0,183.48424902991508,183.48424902991508
Bi210_m1,0.0,0.0,0.0
Bi211,0.0,1626.1132172080406,1626.1132172080406
Bi212,0.0,0.09362900246249636,0.09362900246249636
Bi212_m1,0.0,0.0,0.0
Bi212_m2,0.0,0.0,0.0
Bi213,0.0,11.452668930911882,11.452668930911882
Bi214,0.0,52.82795953742955,52.82795953742955
Bi215,0.0,0.005983201828496893,0.005983201828496893
Bi215_m1,0.0,1.1194943333526519e-13,1.1194943333526519e-13
Bi216,0.0,0.0,0.0
Bi217,0.0,0.0,0.0
Bi218,0.0,0.0,0.0
Bk235,0.0,0.0,0.0
Bk237,0.0,0.0,0.0
Bk238,0.0,0.0,0.0
Bk240,0.0,0.0,0.0
Bk241,0.0,1.870562634478458e-05,1.870562634478458e-05
Bk242,0.0,0.0,0.0
Bk243,0.0,0.0,0.0
Bk244,0.0,0.0,0.0
Bk245,0.0,2.499635135268235,2.499635135268235
Bk246,0.0,0.0,0.0
Bk247,0.0,0.0,0.0
Bk248,0.0,0.0,0.0
Bk248_m1,0.0,0.0,0.0
Bk249,0.0,0.0,0.0
Bk250,0.0,0.0,0.0
Bk251,0.0,0.0,0.0
Bk253,0.0,0.0,0.0
Bk254,0.0,0.0,0.0
Br67,0.0,0.0,0.0
Br68,0.0,0.0,0.0
Br69,0.0,0.0,0.0
Br70,0.0,0.0,0.0
Br70_m1,0.0,0.0,0.0
Br71,0.0,0.0,0.0
Br72,0.0,0.0,0.0
Br72_m1,0.0,0.0,0.0
Br73,0.0,0.0,0.0
Br74,0.0,0.0,0.0
Br74_m1,0.0,0.0,0.0
Br75,0.0,0.0,0.0
Br76,0.0,0.0,0.0
Br76_m1,0.0,0.0,0.0
Br77,0.0,0.0,0.0
Br77_m1,0.0,0.0,0.0
Br78,0.0,0.0,0.0
Br79,0.0,0.0,0.0
Br79_m1,0.0,0.0,0.0
Br80,0.0,0.0,0.0
Br80_m1,0.0,0.0,0.0
Br81,0.0,0.0,0.0
Br82,0.0,0.0,0.0
Br82_m1,0.0,0.0,0.0
Br83,0.0,0.0,0.0
Br84,0.0,0.0,0.0
Br84_m1,0.0,0.0,0.0
Br85,0.0,0.0,0.0
Br86,0.0,0.0,0.0
Br87,0.0,0.0,0.0
Br88,0.0,0.0,0.0
Br89,0.0,0.0,0.0
Br90,0.0,0.0,0.0
Br91,0.0,0.0,0.0
Br92,0.0,0.0,0.0
Br93,0.0,0.0,0.0
Br94,0.0,0.0,0.0
Br95,0.0,0.0,0.0
Br96,0.0,0.0,0.0
Br97,0.0,0.0,0.0
C10,0.0,0.0,0.0
C11,0.0,0.0,0.0
C12,0.0,0.0,0.0
C13,0.0,0.0,0.0
C14,0.0,0.0,0.0
C15,0.0,0.0,0.0
C16,0.0,0.0,0.0
C17,0.0,0.0,0.0
C18,0.0,0.0,0.0
C19,0.0,0.0,0.0
C20,0.0,0.0,0.0
C21,0.0,0.0,0.0
C22,0.0,0.0,0.0
C8,0.0,0.0,0.0
C9,0.0,0.0,0.0
Ca34,0.0,0.0,0.0
Ca35,0.0,0.0,0.0
Ca36,0.0,0.0,0.0
Ca37,0.0,0.0,0.0
Ca38,0.0,0.0,0.0
Ca39,0.0,0.0,0.0
Ca40,0.0,0.0,0.0
Ca41,0.0,0.0,0.0
Ca42,0.0,0.0,0.0
Ca43,0.0,0.0,0.0
Ca44,0.0,0.0,0.0
Ca45,0.0,0.0,0.0
Ca46,0.0,0.0,0.0
Ca47,0.0,0.0,0.0
Ca48,0.0,0.0,0.0
Ca49,0.0,0.0,0.0
Ca50,0.0,0.0,0.0
Ca51,0.0,0.0,0.0
Ca52,0.0,0.0,0.0
Ca53,0.0,0.0,0.0
Ca54,0.0,0.0,0.0
Ca55,0.0,0.0,0.0
Ca56,0.0,0.0,0.0
Ca57,0.0,0.0,0.0
Cd100,0.0,0.0,0.0
Cd101,0.0,0.0,0.0
Cd102,0.0,0.0,0.0
Cd103,0.0,0.0,0.0
Cd104,0.0,0.0,0.0
Cd105,0.0,0.0,0.0
Cd106,0.0,0.0,0.0
Cd107,0.0,0.0,0.0
Cd108,0.0,0.0,0.0
Cd109,0.0,0.0,0.0
Cd110,0.0,0.0,0.0
Cd111,0.0,0.0,0.0
Cd111_m1,0.0,0.0,0.0
Cd112,0.0,0.0,0.0
Cd113,0.0,0.0,0.0
Cd113_m1,0.0,0.0,0.0
Cd114,0.0,0.0,0.0
Cd115,0.0,0.0,0.0
Cd115_m1,0.0,0.0,0.0
Cd116,0.0,0.0,0.0
Cd117,0.0,0.0,0.0
Cd117_m1,0.0,0.0,0.0
Cd118,0.0,0.0,0.0
Cd119,0.0,0.0,0.0
Cd119_m1,0.0,0.0,0.0
Cd120,0.0,0.0,0.0
Cd121,0.0,0.0,0.0
Cd121_m1,0.0,0.0,0.0
Cd122,0.0,0.0,0.0
Cd123,0.0,0.0,0.0
Cd123_m1,0.0,0.0,0.0
Cd124,0.0,0.0,0.0
Cd125,0.0,0.0,0.0
Cd125_m1,0.0,0.0,0.0
Cd126,0.0,0.0,0.0
Cd127,0.0,0.0,0.0
Cd128,0.0,0.0,0.0
Cd129,0.0,0.0,0.0
Cd130,0.0,0.0,0.0
Cd131,0.0,0.0,0.0
Cd132,0.0,0.0,0.0
Cd95,0.0,0.0,0.0
Cd96,0.0,0.0,0.0
Cd97,0.0,0.0,0.0
Cd98,0.0,0.0,0.0
Cd99,0.0,0.0,0.0
Ce119,0.0,0.0,0.0
Ce120,0.0,0.0,0.0
Ce121,0.0,0.0,0.0
Ce122,0.0,0.0,0.0
Ce123,0.0,0.0,0.0
Ce124,0.0,0.0,0.0
Ce125,0.0,0.0,0.0
Ce126,0.0,0.0,0.0
Ce127,0.0,0.0,0.0
Ce127_m1,0.0,0.0,0.0
Ce128,0.0,0.0,0.0
Ce129,0.0,0.0,0.0
Ce130,0.0,0.0,0.0
Ce131,0.0,0.0,0.0
Ce131_m1,0.0,0.0,0.0
Ce132,0.0,0.0,0.0
Ce132_m1,0.0,0.0,0.0
Ce133,0.0,0.0,0.0
Ce133_m1,0.0,0.0,0.0
Ce134,0.0,0.0,0.0
Ce135,0.0,0.0,0.0
Ce135_m1,0.0,0.0,0.0
Ce136,0.0,0.0,0.0
Ce137,0.0,0.0,0.0
Ce137_m1,0.0,0.0,0.0
Ce138,0.0,0.0,0.0
Ce138_m1,0.0,0.0,0.0
Ce139,0.0,0.0,0.0
Ce139_m1,0.0,0.0,0.0
Ce140,1.8275979999999997e+22,1.8275979999999986e+22,-10485760.0
Ce141,0.0,0.0,0.0
Ce142,1.6894199999999997e+22,1.6894200000000012e+22,14680064.0
Ce143,0.0,0.0,0.0
Ce144,0.0,0.0,0.0
Ce145,0.0,0.0,0.0
Ce146,0.0,0.0,0.0
Ce147,0.0,0.0,0.0
Ce148,0.0,0.0,0.0
Ce149,0.0,0.0,0.0
Ce150,0.0,0.0,0.0
Ce151,0.0,0.0,0.0
Ce152,0.0,0.0,0.0
Ce153,0.0,0.0,0.0
Ce154,0.0,0.0,0.0
Ce155,0.0,0.0,0.0
Ce156,0.0,0.0,0.0
Ce157,0.0,0.0,0.0
Cf237,0.0,0.0,0.0
Cf238,0.0,0.0,0.0
Cf239,0.0,0.0,0.0
Cf240,0.0,0.0,0.0
Cf241,0.0,0.0,0.0
Cf242,0.0,0.0,0.0
Cf243,0.0,0.0,0.0
Cf244,0.0,0.0,0.0
Cf245,0.0,0.000136804982099109,0.000136804982099109
Cf246,0.0,0.0,0.0
Cf247,0.0,0.0,0.0
Cf248,0.0,0.0,0.0
Cf249,0.0,164.06288061486285,164.06288061486285
Cf250,0.0,0.0,0.0
Cf251,0.0,0.0,0.0
Cf252,0.0,0.0,0.0
Cf253,0.0,0.0,0.0
Cf254,0.0,0.0,0.0
Cf255,0.0,0.0,0.0
Cf256,0.0,0.0,0.0
Cl28,0.0,0.0,0.0
Cl29,0.0,0.0,0.0
Cl30,0.0,0.0,0.0
Cl31,0.0,0.0,0.0
Cl32,0.0,0.0,0.0
Cl33,0.0,0.0,0.0
Cl34,0.0,0.0,0.0
Cl34_m1,0.0,0.0,0.0
Cl35,0.0,0.0,0.0
Cl36,0.0,0.0,0.0
Cl37,0.0,0.0,0.0
Cl38,0.0,0.0,0.0
Cl38_m1,0.0,0.0,0.0
Cl39,0.0,0.0,0.0
Cl40,0.0,0.0,0.0
Cl41,0.0,0.0,0.0
Cl42,0.0,0.0,0.0
Cl43,0.0,0.0,0.0
Cl44,0.0,0.0,0.0
Cl45,0.0,0.0,0.0
Cl46,0.0,0.0,0.0
Cl47,0.0,0.0,0.0
Cl48,0.0,0.0,0.0
Cl49,0.0,0.0,0.0
Cl50,0.0,0.0,0.0
Cl51,0.0,0.0,0.0
Cm233,0.0,0.0,0.0
Cm234,0.0,0.0,0.0
Cm235,0.0,0.0,0.0
Cm236,0.0,0.0,0.0
Cm237,0.0,0.0,0.0
Cm238,0.0,0.0,0.0
Cm239,0.0,0.0,0.0
Cm240,0.0,0.0,0.0
Cm241,0.0,45.45162551102134,45.45162551102134
Cm242,2.4464549999999996e+16,5265294579477946.0,-1.919925542052205e+16
Cm243,303737999999999.94,296593436862280.2,-7144563137719.75
Cm244,56193559999999.99,54084851042687.16,-2108708957312.836
Cm244_m1,0.0,0.0,0.0
Cm245,409777100000.0,409743708493.2309,-33391506.769104004
Cm246,0.0,0.0,0.0
Cm247,0.0,0.0,0.0
Cm248,0.0,0.0,0.0
Cm249,0.0,0.0,0.0
Cm250,0.0,0.0,0.0
Cm251,0.0,0.0,0.0
Co49,0.0,0.0,0.0
Co50,0.0,0.0,0.0
Co51,0.0,0.0,0.0
Co52,0.0,0.0,0.0
Co53,0.0,0.0,0.0
Co53_m1,0.0,0.0,0.0
Co54,0.0,0.0,0.0
Co54_m1,0.0,0.0,0.0
Co55,0.0,0.0,0.0
Co56,0.0,0.0,0.0
Co57,0.0,0.0,0.0
Co58,0.0,0.0,0.0
Co58_m1,0.0,0.0,0.0
Co59,0.0,0.0,0.0
Co60,0.0,0.0,0.0
Co60_m1,0.0,0.0,0.0
Co61,0.0,0.0,0.0
Co62,0.0,0.0,0.0
Co62_m1,0.0,0.0,0.0
Co63,0.0,0.0,0.0
Co64,0.0,0.0,0.0
Co65,0.0,0.0,0.0
Co66,0.0,0.0,0.0
Co67,0.0,0.0,0.0
Co68,0.0,0.0,0.0
Co68_m1,0.0,0.0,0.0
Co69,0.0,0.0,0.0
Co70,0.0,0.0,0.0
Co70_m1,0.0,0.0,0.0
Co71,0.0,0.0,0.0
Co72,0.0,0.0,0.0
Co73,0.0,0.0,0.0
Co74,0.0,0.0,0.0
Co75,0.0,0.0,0.0
Cr42,0.0,0.0,0.0
Cr43,0.0,0.0,0.0
Cr44,0.0,0.0,0.0
Cr45,0.0,0.0,0.0
Cr46,0.0,0.0,0.0
Cr47,0.0,0.0,0.0
Cr48,0.0,0.0,0.0
Cr49,0.0,0.0,0.0
Cr50,0.0,0.0,0.0
Cr51,0.0,0.0,0.0
Cr52,0.0,0.0,0.0
Cr53,0.0,0.0,0.0
Cr54,0.0,0.0,0.0
Cr55,0.0,0.0,0.0
Cr56,0.0,0.0,0.0
Cr57,0.0,0.0,0.0
Cr58,0.0,0.0,0.0
Cr59,0.0,0.0,0.0
Cr60,0.0,0.0,0.0
Cr61,0.0,0.0,0.0
Cr62,0.0,0.0,0.0
Cr63,0.0,0.0,0.0
Cr64,0.0,0.0,0.0
Cr65,0.0,0.0,0.0
Cr66,0.0,0.0,0.0
Cr67,0.0,0.0,0.0
Cs112,0.0,0.0,0.0
Cs113,0.0,0.0,0.0
Cs114,0.0,0.0,0.0
Cs115,0.0,0.0,0.0
Cs116,0.0,0.0,0.0
Cs116_m1,0.0,0.0,0.0
Cs117,0.0,0.0,0.0
Cs117_m1,0.0,0.0,0.0
Cs118,0.0,0.0,0.0
Cs118_m1,0.0,0.0,0.0
Cs119,0.0,0.0,0.0
Cs119_m1,0.0,0.0,0.0
Cs120,0.0,0.0,0.0
Cs120_m1,0.0,0.0,0.0
Cs121,0.0,0.0,0.0
Cs121_m1,0.0,0.0,0.0
Cs122,0.0,0.0,0.0
Cs122_m1,0.0,0.0,0.0
Cs122_m2,0.0,0.0,0.0
Cs123,0.0,0.0,0.0
Cs123_m1,0.0,0.0,0.0
Cs124,0.0,0.0,0.0
Cs124_m1,0.0,0.0,0.0
Cs125,0.0,0.0,0.0
Cs125_m1,0.0,0.0,0.0
Cs126,0.0,0.0,0.0
Cs127,0.0,0.0,0.0
Cs128,0.0,0.0,0.0
Cs129,0.0,0.0,0.0
Cs130,0.0,0.0,0.0
Cs130_m1,0.0,0.0,0.0
Cs131,0.0,0.0,0.0
Cs132,0.0,0.0,0.0
Cs133,1.979253e+22,1.979252999999999e+22,-12582912.0
Cs134,0.0,0.0,0.0
Cs134_m1,0.0,0.0,0.0
Cs135,1.969924e+22,1.9699234067339083e+22,-5932660916486144.0
Cs135_m1,0.0,0.0,0.0
Cs136,0.0,0.0,0.0
Cs136_m1,0.0,0.0,0.0
Cs137,1.3242639999999997e+22,1.294117698174424e+22,-3.014630182557571e+20
Cs138,0.0,0.0,0.0
Cs138_m1,0.0,0.0,0.0
Cs139,0.0,0.0,0.0
Cs140,0.0,0.0,0.0
Cs141,0.0,0.0,0.0
Cs142,0.0,0.0,0.0
Cs143,0.0,0.0,0.0
Cs144,0.0,0.0,0.0
Cs144_m1,0.0,0.0,0.0
Cs145,0.0,0.0,0.0
Cs146,0.0,0.0,0.0
Cs147,0.0,0.0,0.0
Cs148,0.0,0.0,0.0
Cs149,0.0,0.0,0.0
Cs150,0.0,0.0,0.0
Cs151,0.0,0.0,0.0
Cu52,0.0,0.0,0.0
Cu53,0.0,0.0,0.0
Cu54,0.0,0.0,0.0
Cu55,0.0,0.0,0.0
Cu56,0.0,0.0,0.0
Cu57,0.0,0.0,0.0
Cu58,0.0,0.0,0.0
Cu59,0.0,0.0,0.0
Cu60,0.0,0.0,0.0
Cu61,0.0,0.0,0.0
Cu62,0.0,0.0,0.0
Cu63,0.0,0.0,0.0
Cu64,0.0,0.0,0.0
Cu65,0.0,0.0,0.0
Cu66,0.0,0.0,0.0
Cu67,0.0,0.0,0.0
Cu68,0.0,0.0,0.0
Cu68_m1,0.0,0.0,0.0
Cu69,0.0,0.0,0.0
Cu70,0.0,0.0,0.0
Cu70_m1,0.0,0.0,0.0
Cu70_m2,0.0,0.0,0.0
Cu71,0.0,0.0,0.0
Cu72,0.0,0.0,0.0
Cu73,0.0,0.0,0.0
Cu74,0.0,0.0,0.0
Cu75,0.0,0.0,0.0
Cu76,0.0,0.0,0.0
Cu76_m1,0.0,0.0,0.0
Cu77,0.0,0.0,0.0
Cu78,0.0,0.0,0.0
Cu79,0.0,0.0,0.0
Cu80,0.0,0.0,0.0
Cu81,0.0,0.0,0.0
Db255,0.0,0.0,0.0
Db256,0.0,0.0,0.0
Db257,0.0,-2.4016797722323797e-08,-2.4016797722323797e-08
Db257_m1,0.0,-8.918502082906794e-08,-8.918502082906794e-08
Db258,0.0,0.0,0.0
Db258_m1,0.0,0.0,0.0
Db259,0.0,0.0,0.0
Db260,0.0,0.0,0.0
Db261,0.0,0.0,0.0
Db262,0.0,0.0,0.0
Db263,0.0,0.0,0.0
Db264,0.0,0.0,0.0
Db265,0.0,0.0,0.0
Ds267,0.0,0.0,0.0
Ds268,0.0,0.0,0.0
Ds269,0.0,0.0,0.0
Ds270,0.0,0.0,0.0
Ds270_m1,0.0,0.0,0.0
Ds271,0.0,0.0,0.0
Ds271_m1,0.0,0.0,0.0
Ds272,0.0,0.0,0.0
Ds273,0.0,0.0,0.0
Ds279_m1,0.0,0.0,0.0
Dy138,0.0,0.0,0.0
Dy139,0.0,0.0,0.0
Dy140,0.0,0.0,0.0
Dy141,0.0,0.0,0.0
Dy142,0.0,0.0,0.0
Dy143,0.0,0.0,0.0
Dy143_m1,0.0,0.0,0.0
Dy144,0.0,0.0,0.0
Dy145,0.0,0.0,0.0
Dy145_m1,0.0,0.0,0.0
Dy146,0.0,0.0,0.0
Dy146_m1,0.0,0.0,0.0
Dy147,0.0,0.0,0.0
Dy147_m1,0.0,0.0,0.0
Dy148,0.0,0.0,0.0
Dy149,0.0,0.0,0.0
Dy149_m1,0.0,0.0,0.0
Dy150,0.0,0.0,0.0
Dy151,0.0,0.0,0.0
Dy152,0.0,0.0,0.0
Dy153,0.0,0.0,0.0
Dy154,0.0,0.0,0.0
Dy155,0.0,0.0,0.0
Dy156,0.0,0.0,0.0
Dy157,0.0,0.0,0.0
Dy157_m1,0.0,0.0,0.0
Dy158,0.0,0.0,0.0
Dy159,0.0,0.0,0.0
Dy160,0.0,0.0,0.0
Dy161,0.0,0.0,0.0
Dy162,0.0,0.0,0.0
Dy163,0.0,0.0,0.0
Dy164,0.0,0.0,0.0
Dy165,0.0,0.0,0.0
Dy165_m1,0.0,0.0,0.0
Dy166,0.0,0.0,0.0
Dy167,0.0,0.0,0.0
Dy168,0.0,0.0,0.0
Dy169,0.0,0.0,0.0
Dy170,0.0,0.0,0.0
Dy171,0.0,0.0,0.0
Dy172,0.0,0.0,0.0
Dy173,0.0,0.0,0.0
Er143,0.0,0.0,0.0
Er144,0.0,0.0,0.0
Er145,0.0,0.0,0.0
Er146,0.0,0.0,0.0
Er147,0.0,0.0,0.0
Er147_m1,0.0,0.0,0.0
Er148,0.0,0.0,0.0
Er149,0.0,0.0,0.0
Er149_m1,0.0,0.0,0.0
Er150,0.0,0.0,0.0
Er151,0.0,0.0,0.0
Er151_m1,0.0,0.0,0.0
Er152,0.0,0.0,0.0
Er153,0.0,0.0,0.0
Er154,0.0,0.0,0.0
Er155,0.0,0.0,0.0
Er156,0.0,0.0,0.0
Er157,0.0,0.0,0.0
Er157_m1,0.0,0.0,0.0
Er158,0.0,0.0,0.0
Er159,0.0,0.0,0.0
Er160,0.0,0.0,0.0
Er161,0.0,0.0,0.0
Er162,0.0,0.0,0.0
Er163,0.0,0.0,0.0
Er164,0.0,0.0,0.0
Er165,0.0,0.0,0.0
Er166,0.0,0.0,0.0
Er167,0.0,0.0,0.0
Er167_m1,0.0,0.0,0.0
Er168,0.0,0.0,0.0
Er169,0.0,0.0,0.0
Er170,0.0,0.0,0.0
Er171,0.0,0.0,0.0
Er172,0.0,0.0,0.0
Er173,0.0,0.0,0.0
Er174,0.0,0.0,0.0
Er175,0.0,0.0,0.0
Er176,0.0,0.0,0.0
Er177,0.0,0.0,0.0
Es240,0.0,0.0,0.0
Es241,0.0,0.0,0.0
Es242,0.0,0.0,0.0
Es243,0.0,0.0,0.0
Es244,0.0,0.0,0.0
Es245,0.0,1.2422489131394265e-05,1.2422489131394265e-05
Es246,0.0,0.0,0.0
Es247,0.0,0.0,0.0
Es247_m1,0.0,0.0,0.0
Es248,0.0,0.0,0.0
Es249,0.0,2.4734357204746146e-05,2.4734357204746146e-05
Es250,0.0,0.0,0.0
Es250_m1,0.0,0.0,0.0
Es251,0.0,0.0,0.0
Es252,0.0,0.0,0.0
Es253,0.0,0.0,0.0
Es254,0.0,0.0,0.0
Es254_m1,0.0,0.0,0.0
Es255,0.0,0.0,0.0
Es256,0.0,0.0,0.0
Es256_m1,0.0,0.0,0.0
Es257,0.0,0.0,0.0
Es258,0.0,0.0,0.0
Eu130,0.0,0.0,0.0
Eu131,0.0,0.0,0.0
Eu132,0.0,0.0,0.0
Eu133,0.0,0.0,0.0
Eu134,0.0,0.0,0.0
Eu135,0.0,0.0,0.0
Eu136,0.0,0.0,0.0
Eu136_m1,0.0,0.0,0.0
Eu136_m2,0.0,0.0,0.0
Eu137,0.0,0.0,0.0
Eu138,0.0,0.0,0.0
Eu139,0.0,0.0,0.0
Eu140,0.0,0.0,0.0
Eu140_m1,0.0,0.0,0.0
Eu141,0.0,0.0,0.0
Eu141_m1,0.0,0.0,0.0
Eu142,0.0,0.0,0.0
Eu142_m1,0.0,0.0,0.0
Eu143,0.0,0.0,0.0
Eu144,0.0,0.0,0.0
Eu145,0.0,0.0,0.0
Eu146,0.0,0.0,0.0
Eu147,0.0,0.0,0.0
Eu148,0.0,0.0,0.0
Eu149,0.0,0.0,0.0
Eu150,0.0,0.0,0.0
Eu150_m1,0.0,0.0,0.0
Eu151,1.319689e+20,1.4104767541709362e+20,9.07877541709362e+18
Eu152,0.0,0.0,0.0
Eu152_m1,0.0,0.0,0.0
Eu152_m2,0.0,0.0,0.0
Eu153,5.5344279999999993e+20,5.534427999999998e+20,-131072.0
Eu154,0.0,0.0,0.0
Eu154_m1,0.0,0.0,0.0
Eu155,0.0,0.0,0.0
Eu156,0.0,0.0,0.0
Eu157,0.0,0.0,0.0
Eu158,0.0,0.0,0.0
Eu159,0.0,0.0,0.0
Eu160,0.0,0.0,0.0
Eu161,0.0,0.0,0.0
Eu162,0.0,0.0,0.0
Eu163,0.0,0.0,0.0
Eu164,0.0,0.0,0.0
Eu165,0.0,0.0,0.0
Eu166,0.0,0.0,0.0
Eu167,0.0,0.0,0.0
F14,0.0,0.0,0.0
F15,0.0,0.0,0.0
F16,0.0,0.0,0.0
F17,0.0,0.0,0.0
F18,0.0,0.0,0.0
F19,0.0,0.0,0.0
F20,0.0,0.0,0.0
F21,0.0,0.0,0.0
F22,0.0,0.0,0.0
F23,0.0,0.0,0.0
F24,0.0,0.0,0.0
F25,0.0,0.0,0.0
F26,0.0,0.0,0.0
F27,0.0,0.0,0.0
F28,0.0,0.0,0.0
F29,0.0,0.0,0.0
F30,0.0,0.0,0.0
F31,0.0,0.0,0.0
Fe45,0.0,0.0,0.0
Fe46,0.0,0.0,0.0
Fe47,0.0,0.0,0.0
Fe48,0.0,0.0,0.0
Fe49,0.0,0.0,0.0
Fe50,0.0,0.0,0.0
Fe51,0.0,0.0,0.0
Fe52,0.0,0.0,0.0
Fe52_m1,0.0,0.0,0.0
Fe53,0.0,0.0,0.0
Fe53_m1,0.0,0.0,0.0
Fe54,0.0,0.0,0.0
Fe55,0.0,0.0,0.0
Fe56,0.0,0.0,0.0
Fe57,0.0,0.0,0.0
Fe58,0.0,0.0,0.0
Fe59,0.0,0.0,0.0
Fe60,0.0,0.0,0.0
Fe61,0.0,0.0,0.0
Fe62,0.0,0.0,0.0
Fe63,0.0,0.0,0.0
Fe64,0.0,0.0,0.0
Fe65,0.0,0.0,0.0
Fe65_m1,0.0,0.0,0.0
Fe66,0.0,0.0,0.0
Fe67,0.0,0.0,0.0
Fe68,0.0,0.0,0.0
Fe69,0.0,0.0,0.0
Fe70,0.0,0.0,0.0
Fe71,0.0,0.0,0.0
Fe72,0.0,0.0,0.0
Fm242,0.0,0.0,0.0
Fm243,0.0,0.0,0.0
Fm244,0.0,0.0,0.0
Fm245,0.0,0.0,0.0
Fm246,0.0,0.0,0.0
Fm247,0.0,0.0,0.0
Fm248,0.0,0.0,0.0
Fm249,0.0,1.892514076295187e-05,1.892514076295187e-05
Fm250,0.0,0.0,0.0
Fm250_m1,0.0,0.0,0.0
Fm251,0.0,0.0,0.0
Fm252,0.0,0.0,0.0
Fm253,0.0,0.0,0.0
Fm254,0.0,0.0,0.0
Fm255,0.0,0.0,0.0
Fm256,0.0,0.0,0.0
Fm257,0.0,0.0,0.0
Fm258,0.0,0.0,0.0
Fm259,0.0,0.0,0.0
Fm260,0.0,0.0,0.0
Fr199,0.0,0.0,0.0
Fr200,0.0,0.0,0.0
Fr201,0.0,0.0,0.0
Fr202,0.0,0.0,0.0
Fr202_m1,0.0,0.0,0.0
Fr203,0.0,0.0,0.0
Fr204,0.0,0.0,0.0
Fr204_m1,0.0,0.0,0.0
Fr204_m2,0.0,0.0,0.0
Fr205,0.0,0.0,0.0
Fr206,0.0,0.0,0.0
Fr206_m1,0.0,0.0,0.0
Fr206_m2,0.0,0.0,0.0
Fr207,0.0,0.0,0.0
Fr208,0.0,0.0,0.0
Fr209,0.0,0.0,0.0
Fr210,0.0,0.0,0.0
Fr211,0.0,0.0,0.0
Fr212,0.0,0.0,0.0
Fr213,0.0,0.0,0.0
Fr214,0.0,0.0,0.0
Fr214_m1,0.0,0.0,0.0
Fr215,0.0,0.0,0.0
Fr216,0.0,5.089683768462546e-10,5.089683768462546e-10
Fr217,0.0,-4.850071094158495e-08,-4.850071094158495e-08
Fr218,0.0,0.0,0.0
Fr218_m1,0.0,0.0,0.0
Fr219,0.0,0.0,0.0
Fr220,0.0,-2.3467757574453095e-06,-2.3467757574453095e-06
Fr221,0.0,1.2313935496478803,1.2313935496478803
Fr222,0.0,0.0,0.0
Fr223,0.0,293.74006481520814,293.74006481520814
Fr224,0.0,0.0,0.0
Fr225,0.0,0.0,0.0
Fr226,0.0,0.0,0.0
Fr227,0.0,0.0,0.0
Fr228,0.0,0.0,0.0
Fr229,0.0,0.0,0.0
Fr230,0.0,0.0,0.0
Fr231,0.0,0.0,0.0
Fr232,0.0,0.0,0.0
Ga56,0.0,0.0,0.0
Ga57,0.0,0.0,0.0
Ga58,0.0,0.0,0.0
Ga59,0.0,0.0,0.0
Ga60,0.0,0.0,0.0
Ga61,0.0,0.0,0.0
Ga62,0.0,0.0,0.0
Ga63,0.0,0.0,0.0
Ga64,0.0,0.0,0.0
Ga65,0.0,0.0,0.0
Ga66,0.0,0.0,0.0
Ga67,0.0,0.0,0.0
Ga68,0.0,0.0,0.0
Ga69,0.0,0.0,0.0
Ga70,0.0,0.0,0.0
Ga71,0.0,0.0,0.0
Ga72,0.0,0.0,0.0
Ga72_m1,0.0,0.0,0.0
Ga73,0.0,0.0,0.0
Ga74,0.0,0.0,0.0
Ga74_m1,0.0,0.0,0.0
Ga75,0.0,0.0,0.0
Ga76,0.0,0.0,0.0
Ga77,0.0,0.0,0.0
Ga78,0.0,0.0,0.0
Ga79,0.0,0.0,0.0
Ga80,0.0,0.0,0.0
Ga81,0.0,0.0,0.0
Ga82,0.0,0.0,0.0
Ga83,0.0,0.0,0.0
Ga84,0.0,0.0,0.0
Ga85,0.0,0.0,0.0
Ga86,0.0,0.0,0.0
Gd134,0.0,0.0,0.0
Gd135,0.0,0.0,0.0
Gd136,0.0,0.0,0.0
Gd137,0.0,0.0,0.0
Gd138,0.0,0.0,0.0
Gd139,0.0,0.0,0.0
Gd139_m1,0.0,0.0,0.0
Gd140,0.0,0.0,0.0
Gd141,0.0,0.0,0.0
Gd141_m1,0.0,0.0,0.0
Gd142,0.0,0.0,0.0
Gd143,0.0,0.0,0.0
Gd143_m1,0.0,0.0,0.0
Gd144,0.0,0.0,0.0
Gd145,0.0,0.0,0.0
Gd145_m1,0.0,0.0,0.0
Gd146,0.0,0.0,0.0
Gd147,0.0,0.0,0.0
Gd148,0.0,0.0,0.0
Gd149,0.0,0.0,0.0
Gd150,0.0,0.0,0.0
Gd151,0.0,0.0,0.0
Gd152,0.0,0.0,0.0
Gd153,0.0,0.0,0.0
Gd154,0.0,0.0,0.0
Gd155,1.0860069999999998e+20,1.0860069999999987e+20,-114688.0
Gd155_m1,0.0,0.0,0.0
Gd156,0.0,0.0,0.0
Gd157,4.017011e+19,4.017010999999987e+19,-131072.0
Gd158,0.0,0.0,0.0
Gd159,0.0,0.0,0.0
Gd160,0.0,0.0,0.0
Gd161,0.0,0.0,0.0
Gd162,0.0,0.0,0.0
Gd163,0.0,0.0,0.0
Gd164,0.0,0.0,0.0
Gd165,0.0,0.0,0.0
Gd166,0.0,0.0,0.0
Gd167,0.0,0.0,0.0
Gd168,0.0,0.0,0.0
Gd169,0.0,0.0,0.0
Ge58,0.0,0.0,0.0
Ge59,0.0,0.0,0.0
Ge60,0.0,0.0,0.0
Ge61,0.0,0.0,0.0
Ge62,0.0,0.0,0.0
Ge63,0.0,0.0,0.0
Ge64,0.0,0.0,0.0
Ge65,0.0,0.0,0.0
Ge66,0.0,0.0,0.0
Ge67,0.0,0.0,0.0
Ge68,0.0,0.0,0.0
Ge69,0.0,0.0,0.0
Ge70,0.0,0.0,0.0
Ge71,0.0,0.0,0.0
Ge71_m1,0.0,0.0,0.0
Ge72,0.0,0.0,0.0
Ge73,0.0,0.0,0.0
Ge73_m1,0.0,0.0,0.0
Ge74,0.0,0.0,0.0
Ge75,0.0,0.0,0.0
Ge75_m1,0.0,0.0,0.0
Ge76,0.0,0.0,0.0
Ge77,0.0,0.0,0.0
Ge77_m1,0.0,0.0,0.0
Ge78,0.0,0.0,0.0
Ge79,0.0,0.0,0.0
Ge79_m1,0.0,0.0,0.0
Ge80,0.0,0.0,0.0
Ge81,0.0,0.0,0.0
Ge81_m1,0.0,0.0,0.0
Ge82,0.0,0.0,0.0
Ge83,0.0,0.0,0.0
Ge84,0.0,0.0,0.0
Ge85,0.0,0.0,0.0
Ge86,0.0,0.0,0.0
Ge87,0.0,0.0,0.0
Ge88,0.0,0.0,0.0
Ge89,0.0,0.0,0.0
H1,0.0,0.0,0.0
H2,0.0,0.0,0.0
H3,0.0,0.0,0.0
H4,0.0,0.0,0.0
H5,0.0,0.0,0.0
H6,0.0,0.0,0.0
H7,0.0,0.0,0.0
He10,0.0,0.0,0.0
He3,0.0,0.0,0.0
He4,0.0,5.232312176136863e+18,5.232312176136863e+18
He5,0.0,0.0,0.0
He6,0.0,0.0,0.0
He7,0.0,0.0,0.0
He8,0.0,0.0,0.0
He9,0.0,0.0,0.0
Hf153,0.0,0.0,0.0
Hf154,0.0,0.0,0.0
Hf155,0.0,0.0,0.0
Hf156,0.0,0.0,0.0
Hf157,0.0,0.0,0.0
Hf158,0.0,0.0,0.0
Hf159,0.0,0.0,0.0
Hf160,0.0,0.0,0.0
Hf161,0.0,0.0,0.0
Hf162,0.0,0.0,0.0
Hf163,0.0,0.0,0.0
Hf164,0.0,0.0,0.0
Hf165,0.0,0.0,0.0
Hf166,0.0,0.0,0.0
Hf167,0.0,0.0,0.0
Hf168,0.0,0.0,0.0
Hf169,0.0,0.0,0.0
Hf170,0.0,0.0,0.0
Hf171,0.0,0.0,0.0
Hf171_m1,0.0,0.0,0.0
Hf172,0.0,0.0,0.0
Hf173,0.0,0.0,0.0
Hf174,0.0,0.0,0.0
Hf175,0.0,0.0,0.0
Hf176,0.0,0.0,0.0
Hf177,0.0,0.0,0.0
Hf177_m1,0.0,0.0,0.0
Hf177_m2,0.0,0.0,0.0
Hf178,0.0,0.0,0.0
Hf178_m1,0.0,0.0,0.0
Hf178_m2,0.0,0.0,0.0
Hf179,0.0,0.0,0.0
Hf179_m1,0.0,0.0,0.0
Hf179_m2,0.0,0.0,0.0
Hf180,0.0,0.0,0.0
Hf180_m1,0.0,0.0,0.0
Hf181,0.0,0.0,0.0
Hf182,0.0,0.0,0.0
Hf182_m1,0.0,0.0,0.0
Hf183,0.0,0.0,0.0
Hf184,0.0,0.0,0.0
Hf184_m1,0.0,0.0,0.0
Hf185,0.0,0.0,0.0
Hf186,0.0,0.0,0.0
Hf187,0.0,0.0,0.0
Hf188,0.0,0.0,0.0
Hg171,0.0,0.0,0.0
Hg172,0.0,0.0,0.0
Hg173,0.0,0.0,0.0
Hg174,0.0,0.0,0.0
Hg175,0.0,0.0,0.0
Hg176,0.0,0.0,0.0
Hg177,0.0,0.0,0.0
Hg178,0.0,0.0,0.0
Hg179,0.0,0.0,0.0
Hg180,0.0,0.0,0.0
Hg181,0.0,0.0,0.0
Hg182,0.0,0.0,0.0
Hg183,0.0,0.0,0.0
Hg184,0.0,0.0,0.0
Hg185,0.0,0.0,0.0
Hg185_m1,0.0,0.0,0.0
Hg186,0.0,0.0,0.0
Hg187,0.0,0.0,0.0
Hg187_m1,0.0,0.0,0.0
Hg188,0.0,0.0,0.0
Hg189,0.0,0.0,0.0
Hg189_m1,0.0,0.0,0.0
Hg190,0.0,0.0,0.0
Hg191,0.0,0.0,0.0
Hg191_m1,0.0,0.0,0.0
Hg192,0.0,0.0,0.0
Hg193,0.0,0.0,0.0
Hg193_m1,0.0,0.0,0.0
Hg194,0.0,0.0,0.0
Hg195,0.0,0.0,0.0
Hg195_m1,0.0,0.0,0.0
Hg196,0.0,0.0,0.0
Hg197,0.0,0.0,0.0
Hg197_m1,0.0,0.0,0.0
Hg198,0.0,0.0,0.0
Hg199,0.0,0.0,0.0
Hg199_m1,0.0,0.0,0.0
Hg200,0.0,0.0,0.0
Hg201,0.0,0.0,0.0
Hg202,0.0,0.0,0.0
Hg203,0.0,0.0,0.0
Hg204,0.0,0.0,0.0
Hg205,0.0,0.0,0.0
Hg205_m1,0.0,0.0,0.0
Hg206,0.0,4.2652333734409705e-09,4.2652333734409705e-09
Hg207,0.0,0.0,0.0
Hg208,0.0,0.0,0.0
Hg209,0.0,0.0,0.0
Hg210,0.0,0.0,0.0
Ho140,0.0,0.0,0.0
Ho141,0.0,0.0,0.0
Ho142,0.0,0.0,0.0
Ho143,0.0,0.0,0.0
Ho144,0.0,0.0,0.0
Ho145,0.0,0.0,0.0
Ho146,0.0,0.0,0.0
Ho147,0.0,0.0,0.0
Ho148,0.0,0.0,0.0
Ho148_m1,0.0,0.0,0.0
Ho148_m2,0.0,0.0,0.0
Ho149,0.0,0.0,0.0
Ho149_m1,0.0,0.0,0.0
Ho150,0.0,0.0,0.0
Ho150_m1,0.0,0.0,0.0
Ho151,0.0,0.0,0.0
Ho151_m1,0.0,0.0,0.0
Ho152,0.0,0.0,0.0
Ho152_m1,0.0,0.0,0.0
Ho153,0.0,0.0,0.0
Ho153_m1,0.0,0.0,0.0
Ho154,0.0,0.0,0.0
Ho154_m1,0.0,0.0,0.0
Ho155,0.0,0.0,0.0
Ho155_m1,0.0,0.0,0.0
Ho156,0.0,0.0,0.0
Ho156_m1,0.0,0.0,0.0
Ho156_m2,0.0,0.0,0.0
Ho157,0.0,0.0,0.0
Ho158,0.0,0.0,0.0
Ho158_m1,0.0,0.0,0.0
Ho158_m2,0.0,0.0,0.0
Ho159,0.0,0.0,0.0
Ho159_m1,0.0,0.0,0.0
Ho160,0.0,0.0,0.0
Ho160_m1,0.0,0.0,0.0
Ho160_m2,0.0,0.0,0.0
Ho161,0.0,0.0,0.0
Ho161_m1,0.0,0.0,0.0
Ho162,0.0,0.0,0.0
Ho162_m1,0.0,0.0,0.0
Ho163,0.0,0.0,0.0
Ho163_m1,0.0,0.0,0.0
Ho164,0.0,0.0,0.0
Ho164_m1,0.0,0.0,0.0
Ho165,0.0,0.0,0.0
Ho166,0.0,0.0,0.0
Ho166_m1,0.0,0.0,0.0
Ho167,0.0,0.0,0.0
Ho168,0.0,0.0,0.0
Ho168_m1,0.0,0.0,0.0
Ho169,0.0,0.0,0.0
Ho170,0.0,0.0,0.0
Ho170_m1,0.0,0.0,0.0
Ho171,0.0,0.0,0.0
Ho172,0.0,0.0,0.0
Ho173,0.0,0.0,0.0
Ho174,0.0,0.0,0.0
Ho175,0.0,0.0,0.0
Hs263,0.0,0.0,0.0
Hs264,0.0,0.0,0.0
Hs265,0.0,0.0,0.0
Hs265_m1,0.0,0.0,0.0
Hs266,0.0,0.0,0.0
Hs267,0.0,0.0,0.0
Hs268,0.0,0.0,0.0
Hs269,0.0,0.0,0.0
Hs273,0.0,-0.023888709980727205,-0.023888709980727205
I108,0.0,0.0,0.0
I109,0.0,0.0,0.0
I110,0.0,0.0,0.0
I111,0.0,0.0,0.0
I112,0.0,0.0,0.0
I113,0.0,0.0,0.0
I114,0.0,0.0,0.0
I114_m1,0.0,0.0,0.0
I115,0.0,0.0,0.0
I116,0.0,0.0,0.0
I117,0.0,0.0,0.0
I118,0.0,0.0,0.0
I118_m1,0.0,0.0,0.0
I119,0.0,0.0,0.0
I120,0.0,0.0,0.0
I120_m1,0.0,0.0,0.0
I121,0.0,0.0,0.0
I122,0.0,0.0,0.0
I123,0.0,0.0,0.0
I124,0.0,0.0,0.0
I125,0.0,0.0,0.0
I126,0.0,0.0,0.0
I127,0.0,0.0,0.0
I128,0.0,0.0,0.0
I129,0.0,0.0,0.0
I130,0.0,0.0,0.0
I130_m1,0.0,0.0,0.0
I131,0.0,0.0,0.0
I132,0.0,0.0,0.0
I132_m1,0.0,0.0,0.0
I133,0.0,0.0,0.0
I133_m1,0.0,0.0,0.0
I134,0.0,0.0,0.0
I134_m1,0.0,0.0,0.0
I135,0.0,0.0,0.0
I136,0.0,0.0,0.0
I136_m1,0.0,0.0,0.0
I137,0.0,0.0,0.0
I138,0.0,0.0,0.0
I139,0.0,0.0,0.0
I140,0.0,0.0,0.0
I141,0.0,0.0,0.0
I142,0.0,0.0,0.0
I143,0.0,0.0,0.0
I144,0.0,0.0,0.0
I145,0.0,0.0,0.0
In100,0.0,0.0,0.0
In101,0.0,0.0,0.0
In102,0.0,0.0,0.0
In103,0.0,0.0,0.0
In103_m1,0.0,0.0,0.0
In104,0.0,0.0,0.0
In104_m1,0.0,0.0,0.0
In105,0.0,0.0,0.0
In105_m1,0.0,0.0,0.0
In106,0.0,0.0,0.0
In106_m1,0.0,0.0,0.0
In107,0.0,0.0,0.0
In107_m1,0.0,0.0,0.0
In108,0.0,0.0,0.0
In108_m1,0.0,0.0,0.0
In109,0.0,0.0,0.0
In109_m1,0.0,0.0,0.0
In109_m2,0.0,0.0,0.0
In110,0.0,0.0,0.0
In110_m1,0.0,0.0,0.0
In111,0.0,0.0,0.0
In111_m1,0.0,0.0,0.0
In112,0.0,0.0,0.0
In112_m1,0.0,0.0,0.0
In113,0.0,0.0,0.0
In113_m1,0.0,0.0,0.0
In114,0.0,0.0,0.0
In114_m1,0.0,0.0,0.0
In114_m2,0.0,0.0,0.0
In115,0.0,0.0,0.0
In115_m1,0.0,0.0,0.0
In116,0.0,0.0,0.0
In116_m1,0.0,0.0,0.0
In116_m2,0.0,0.0,0.0
In117,0.0,0.0,0.0
In117_m1,0.0,0.0,0.0
In118,0.0,0.0,0.0
In118_m1,0.0,0.0,0.0
In118_m2,0.0,0.0,0.0
In119,0.0,0.0,0.0
In119_m1,0.0,0.0,0.0
In120,0.0,0.0,0.0
In120_m1,0.0,0.0,0.0
In120_m2,0.0,0.0,0.0
In121,0.0,0.0,0.0
In121_m1,0.0,0.0,0.0
In122,0.0,0.0,0.0
In122_m1,0.0,0.0,0.0
In122_m2,0.0,0.0,0.0
In123,0.0,0.0,0.0
In123_m1,0.0,0.0,0.0
In124,0.0,0.0,0.0
In124_m1,0.0,0.0,0.0
In125,0.0,0.0,0.0
In125_m1,0.0,0.0,0.0
In126,0.0,0.0,0.0
In126_m1,0.0,0.0,0.0
In127,0.0,0.0,0.0
In127_m1,0.0,0.0,0.0
In128,0.0,0.0,0.0
In128_m1,0.0,0.0,0.0
In129,0.0,0.0,0.0
In129_m1,0.0,0.0,0.0
In130,0.0,0.0,0.0
In130_m1,0.0,0.0,0.0
In130_m2,0.0,0.0,0.0
In131,0.0,0.0,0.0
In131_m1,0.0,0.0,0.0
In131_m2,0.0,0.0,0.0
In132,0.0,0.0,0.0
In133,0.0,0.0,0.0
In133_m1,0.0,0.0,0.0
In134,0.0,0.0,0.0
In135,0.0,0.0,0.0
In97,0.0,0.0,0.0
In98,0.0,0.0,0.0
In98_m1,0.0,0.0,0.0
In99,0.0,0.0,0.0
Ir164,0.0,0.0,0.0
Ir164_m1,0.0,0.0,0.0
Ir165,0.0,0.0,0.0
Ir166,0.0,0.0,0.0
Ir166_m1,0.0,0.0,0.0
Ir167,0.0,0.0,0.0
Ir167_m1,0.0,0.0,0.0
Ir168,0.0,0.0,0.0
Ir168_m1,0.0,0.0,0.0
Ir169,0.0,0.0,0.0
Ir169_m1,0.0,0.0,0.0
Ir170,0.0,0.0,0.0
Ir170_m1,0.0,0.0,0.0
Ir171,0.0,0.0,0.0
Ir171_m1,0.0,0.0,0.0
Ir172,0.0,0.0,0.0
Ir172_m1,0.0,0.0,0.0
Ir173,0.0,0.0,0.0
Ir173_m1,0.0,0.0,0.0
Ir174,0.0,0.0,0.0
Ir174_m1,0.0,0.0,0.0
Ir175,0.0,0.0,0.0
Ir176,0.0,0.0,0.0
Ir177,0.0,0.0,0.0
Ir178,0.0,0.0,0.0
Ir179,0.0,0.0,0.0
Ir180,0.0,0.0,0.0
Ir181,0.0,0.0,0.0
Ir182,0.0,0.0,0.0
Ir183,0.0,0.0,0.0
Ir184,0.0,0.0,0.0
Ir185,0.0,0.0,0.0
Ir186,0.0,0.0,0.0
Ir186_m1,0.0,0.0,0.0
Ir187,0.0,0.0,0.0
Ir187_m1,0.0,0.0,0.0
Ir188,0.0,0.0,0.0
Ir188_m1,0.0,0.0,0.0
Ir189,0.0,0.0,0.0
Ir189_m1,0.0,0.0,0.0
Ir189_m2,0.0,0.0,0.0
Ir190,0.0,0.0,0.0
Ir190_m1,0.0,0.0,0.0
Ir190_m2,0.0,0.0,0.0
Ir191,0.0,0.0,0.0
Ir191_m1,0.0,0.0,0.0
Ir191_m2,0.0,0.0,0.0
Ir192,0.0,0.0,0.0
Ir192_m1,0.0,0.0,0.0
Ir192_m2,0.0,0.0,0.0
Ir193,0.0,0.0,0.0
Ir193_m1,0.0,0.0,0.0
Ir194,0.0,0.0,0.0
Ir194_m1,0.0,0.0,0.0
Ir194_m2,0.0,0.0,0.0
Ir195,0.0,0.0,0.0
Ir195_m1,0.0,0.0,0.0
Ir196,0.0,0.0,0.0
Ir196_m1,0.0,0.0,0.0
Ir197,0.0,0.0,0.0
Ir197_m1,0.0,0.0,0.0
Ir198,0.0,0.0,0.0
Ir199,0.0,0.0,0.0
K32,0.0,0.0,0.0
K33,0.0,0.0,0.0
K34,0.0,0.0,0.0
K35,0.0,0.0,0.0
K36,0.0,0.0,0.0
K37,0.0,0.0,0.0
K38,0.0,0.0,0.0
K38_m1,0.0,0.0,0.0
K39,0.0,0.0,0.0
K40,0.0,0.0,0.0
K41,0.0,0.0,0.0
K42,0.0,0.0,0.0
K43,0.0,0.0,0.0
K44,0.0,0.0,0.0
K45,0.0,0.0,0.0
K46,0.0,0.0,0.0
K47,0.0,0.0,0.0
K48,0.0,0.0,0.0
K49,0.0,0.0,0.0
K50,0.0,0.0,0.0
K51,0.0,0.0,0.0
K52,0.0,0.0,0.0
K53,0.0,0.0,0.0
K54,0.0,0.0,0.0
K55,0.0,0.0,0.0
Kr100,0.0,0.0,0.0
Kr69,0.0,0.0,0.0
Kr70,0.0,0.0,0.0
Kr71,0.0,0.0,0.0
Kr72,0.0,0.0,0.0
Kr73,0.0,0.0,0.0
Kr74,0.0,0.0,0.0
Kr75,0.0,0.0,0.0
Kr76,0.0,0.0,0.0
Kr77,0.0,0.0,0.0
Kr78,0.0,0.0,0.0
Kr79,0.0,0.0,0.0
Kr79_m1,0.0,0.0,0.0
Kr80,3417317999999999.5,3417317999999999.5,0.0
Kr81,0.0,0.0,0.0
Kr81_m1,0.0,0.0,0.0
Kr82,4.639852e+18,4.639852000000003e+18,3072.0
Kr83,1.517093e+21,1.5170930000000008e+21,786432.0
Kr83_m1,0.0,0.0,0.0
Kr84,2.821786e+21,2.8217859999999994e+21,-524288.0
Kr85,0.0,0.0,0.0
Kr85_m1,0.0,0.0,0.0
Kr86,5.177402e+21,5.177401999999997e+21,-3145728.0
Kr87,0.0,0.0,0.0
Kr88,0.0,0.0,0.0
Kr89,0.0,0.0,0.0
Kr90,0.0,0.0,0.0
Kr91,0.0,0.0,0.0
Kr92,0.0,0.0,0.0
Kr93,0.0,0.0,0.0
Kr94,0.0,0.0,0.0
Kr95,0.0,0.0,0.0
Kr96,0.0,0.0,0.0
Kr97,0.0,0.0,0.0
Kr98,0.0,0.0,0.0
Kr99,0.0,0.0,0.0
La117,0.0,0.0,0.0
La117_m1,0.0,0.0,0.0
La118,0.0,0.0,0.0
La119,0.0,0.0,0.0
La120,0.0,0.0,0.0
La121,0.0,0.0,0.0
La122,0.0,0.0,0.0
La123,0.0,0.0,0.0
La124,0.0,0.0,0.0
La124_m1,0.0,0.0,0.0
La125,0.0,0.0,0.0
La125_m1,0.0,0.0,0.0
La126,0.0,0.0,0.0
La126_m1,0.0,0.0,0.0
La127,0.0,0.0,0.0
La127_m1,0.0,0.0,0.0
La128,0.0,0.0,0.0
La128_m1,0.0,0.0,0.0
La129,0.0,0.0,0.0
La129_m1,0.0,0.0,0.0
La130,0.0,0.0,0.0
La131,0.0,0.0,0.0
La132,0.0,0.0,0.0
La132_m1,0.0,0.0,0.0
La133,0.0,0.0,0.0
La134,0.0,0.0,0.0
La135,0.0,0.0,0.0
La136,0.0,0.0,0.0
La136_m1,0.0,0.0,0.0
La137,0.0,0.0,0.0
La138,0.0,0.0,0.0
La139,1.8770369999999997e+22,1.8770369999999995e+22,-2097152.0
La140,0.0,0.0,0.0
La141,0.0,0.0,0.0
La142,0.0,0.0,0.0
La143,0.0,0.0,0.0
La144,0.0,0.0,0.0
La145,0.0,0.0,0.0
La146,0.0,0.0,0.0
La146_m1,0.0,0.0,0.0
La147,0.0,0.0,0.0
La148,0.0,0.0,0.0
La149,0.0,0.0,0.0
La150,0.0,0.0,0.0
La151,0.0,0.0,0.0
La152,0.0,0.0,0.0
La153,0.0,0.0,0.0
La154,0.0,0.0,0.0
La155,0.0,0.0,0.0
Li10,0.0,0.0,0.0
Li11,0.0,0.0,0.0
Li12,0.0,0.0,0.0
Li4,0.0,0.0,0.0
Li5,0.0,0.0,0.0
Li6,0.0,0.0,0.0
Li7,0.0,0.0,0.0
Li8,0.0,0.0,0.0
Li9,0.0,0.0,0.0
Lr251,0.0,0.0,0.0
Lr252,0.0,0.0,0.0
Lr253,0.0,-6.658565671168522e-08,-6.658565671168522e-08
Lr253_m1,0.0,0.0,0.0
Lr254,0.0,0.0,0.0
Lr255,0.0,0.0,0.0
Lr255_m1,0.0,0.0,0.0
Lr256,0.0,0.0,0.0
Lr257,0.0,0.0,0.0
Lr258,0.0,0.0,0.0
Lr259,0.0,0.0,0.0
Lr260,0.0,0.0,0.0
Lr261,0.0,0.0,0.0
Lr262,0.0,0.0,0.0
Lr263,0.0,0.0,0.0
Lu150,0.0,0.0,0.0
Lu151,0.0,0.0,0.0
Lu152,0.0,0.0,0.0
Lu153,0.0,0.0,0.0
Lu153_m1,0.0,0.0,0.0
Lu154,0.0,0.0,0.0
Lu154_m1,0.0,0.0,0.0
Lu155,0.0,0.0,0.0
Lu155_m1,0.0,0.0,0.0
Lu155_m2,0.0,0.0,0.0
Lu156,0.0,0.0,0.0
Lu156_m1,0.0,0.0,0.0
Lu157,0.0,0.0,0.0
Lu157_m1,0.0,0.0,0.0
Lu158,0.0,0.0,0.0
Lu159,0.0,0.0,0.0
Lu160,0.0,0.0,0.0
Lu160_m1,0.0,0.0,0.0
Lu161,0.0,0.0,0.0
Lu161_m1,0.0,0.0,0.0
Lu162,0.0,0.0,0.0
Lu162_m1,0.0,0.0,0.0
Lu162_m2,0.0,0.0,0.0
Lu163,0.0,0.0,0.0
Lu164,0.0,0.0,0.0
Lu165,0.0,0.0,0.0
Lu166,0.0,0.0,0.0
Lu166_m1,0.0,0.0,0.0
Lu166_m2,0.0,0.0,0.0
Lu167,0.0,0.0,0.0
Lu167_m1,0.0,0.0,0.0
Lu168,0.0,0.0,0.0
Lu168_m1,0.0,0.0,0.0
Lu169,0.0,0.0,0.0
Lu169_m1,0.0,0.0,0.0
Lu170,0.0,0.0,0.0
Lu170_m1,0.0,0.0,0.0
Lu171,0.0,0.0,0.0
Lu171_m1,0.0,0.0,0.0
Lu172,0.0,0.0,0.0
Lu172_m1,0.0,0.0,0.0
Lu173,0.0,0.0,0.0
Lu174,0.0,0.0,0.0
Lu174_m1,0.0,0.0,0.0
Lu175,0.0,0.0,0.0
Lu176,0.0,0.0,0.0
Lu176_m1,0.0,0.0,0.0
Lu177,0.0,0.0,0.0
Lu177_m1,0.0,0.0,0.0
Lu177_m2,0.0,0.0,0.0
Lu178,0.0,0.0,0.0
Lu178_m1,0.0,0.0,0.0
Lu179,0.0,0.0,0.0
Lu179_m1,0.0,0.0,0.0
Lu180,0.0,0.0,0.0
Lu180_m1,0.0,0.0,0.0
Lu181,0.0,0.0,0.0
Lu182,0.0,0.0,0.0
Lu183,0.0,0.0,0.0
Lu184,0.0,0.0,0.0
Md245,0.0,0.0,0.0
Md245_m1,0.0,0.0,0.0
Md246,0.0,0.0,0.0
Md247,0.0,0.0,0.0
Md247_m1,0.0,0.0,0.0
Md248,0.0,0.0,0.0
Md249,0.0,7.716787690571213e-06,7.716787690571213e-06
Md249_m1,0.0,0.0,0.0
Md250,0.0,0.0,0.0
Md251,0.0,0.0,0.0
Md252,0.0,0.0,0.0
Md253,0.0,0.0,0.0
Md254,0.0,0.0,0.0
Md254_m1,0.0,0.0,0.0
Md255,0.0,0.0,0.0
Md256,0.0,0.0,0.0
Md257,0.0,0.0,0.0
Md258,0.0,0.0,0.0
Md258_m1,0.0,0.0,0.0
Md259,0.0,0.0,0.0
Md260,0.0,0.0,0.0
Md261,0.0,0.0,0.0
Mg19,0.0,0.0,0.0
Mg20,0.0,0.0,0.0
Mg21,0.0,0.0,0.0
Mg22,0.0,0.0,0.0
Mg23,0.0,0.0,0.0
Mg24,0.0,0.0,0.0
Mg25,0.0,0.0,0.0
Mg26,0.0,0.0,0.0
Mg27,0.0,0.0,0.0
Mg28,0.0,0.0,0.0
Mg29,0.0,0.0,0.0
Mg30,0.0,0.0,0.0
Mg31,0.0,0.0,0.0
Mg32,0.0,0.0,0.0
Mg33,0.0,0.0,0.0
Mg34,0.0,0.0,0.0
Mg35,0.0,0.0,0.0
Mg36,0.0,0.0,0.0
Mg37,0.0,0.0,0.0
Mg38,0.0,0.0,0.0
Mg39,0.0,0.0,0.0
Mg40,0.0,0.0,0.0
Mn44,0.0,0.0,0.0
Mn45,0.0,0.0,0.0
Mn46,0.0,0.0,0.0
Mn47,0.0,0.0,0.0
Mn48,0.0,0.0,0.0
Mn49,0.0,0.0,0.0
Mn50,0.0,0.0,0.0
Mn50_m1,0.0,0.0,0.0
Mn51,0.0,0.0,0.0
Mn52,0.0,0.0,0.0
Mn52_m1,0.0,0.0,0.0
Mn53,0.0,0.0,0.0
Mn54,0.0,0.0,0.0
Mn55,0.0,0.0,0.0
Mn56,0.0,0.0,0.0
Mn57,0.0,0.0,0.0
Mn58,0.0,0.0,0.0
Mn58_m1,0.0,0.0,0.0
Mn59,0.0,0.0,0.0
Mn60,0.0,0.0,0.0
Mn60_m1,0.0,0.0,0.0
Mn61,0.0,0.0,0.0
Mn62,0.0,0.0,0.0
Mn62_m1,0.0,0.0,0.0
Mn63,0.0,0.0,0.0
Mn64,0.0,0.0,0.0
Mn65,0.0,0.0,0.0
Mn66,0.0,0.0,0.0
Mn67,0.0,0.0,0.0
Mn68,0.0,0.0,0.0
Mn69,0.0,0.0,0.0
Mo100,1.8910469999999997e+22,1.8910469999999985e+22,-12582912.0
Mo101,0.0,0.0,0.0
Mo102,0.0,0.0,0.0
Mo103,0.0,0.0,0.0
Mo104,0.0,0.0,0.0
Mo105,0.0,0.0,0.0
Mo106,0.0,0.0,0.0
Mo107,0.0,0.0,0.0
Mo108,0.0,0.0,0.0
Mo109,0.0,0.0,0.0
Mo110,0.0,0.0,0.0
Mo111,0.0,0.0,0.0
Mo112,0.0,0.0,0.0
Mo113,0.0,0.0,0.0
Mo114,0.0,0.0,0.0
Mo115,0.0,0.0,0.0
Mo83,0.0,0.0,0.0
Mo84,0.0,0.0,0.0
Mo85,0.0,0.0,0.0
Mo86,0.0,0.0,0.0
Mo87,0.0,0.0,0.0
Mo88,0.0,0.0,0.0
Mo89,0.0,0.0,0.0
Mo89_m1,0.0,0.0,0.0
Mo90,0.0,0.0,0.0
Mo91,0.0,0.0,0.0
Mo91_m1,0.0,0.0,0.0
Mo92,0.0,0.0,0.0
Mo93,0.0,0.0,0.0
Mo93_m1,0.0,0.0,0.0
Mo94,0.0,0.0,0.0
Mo95,1.9186009999999995e+22,1.9343522645159535e+22,1.5751264515953944e+20
Mo96,0.0,2796.297714803316,2796.297714803316
Mo97,1.764249e+22,1.7642489999999977e+22,-23068672.0
Mo98,1.7342469999999997e+22,1.7342469999999979e+22,-18874368.0
Mo99,0.0,0.0,0.0
Mt265,0.0,0.0,0.0
Mt266,0.0,0.0,0.0
Mt266_m1,0.0,0.0,0.0
Mt267,0.0,0.0,0.0
Mt268,0.0,0.0,0.0
Mt269,0.0,0.0,0.0
Mt270,0.0,0.0,0.0
Mt271,0.0,0.0,0.0
Mt273,0.0,0.0,0.0
N10,0.0,0.0,0.0
N11,0.0,0.0,0.0
N12,0.0,0.0,0.0
N13,0.0,0.0,0.0
N14,0.0,0.0,0.0
N15,0.0,0.0,0.0
N16,0.0,0.0,0.0
N17,0.0,0.0,0.0
N18,0.0,0.0,0.0
N19,0.0,0.0,0.0
N20,0.0,0.0,0.0
N21,0.0,0.0,0.0
N22,0.0,0.0,0.0
N23,0.0,0.0,0.0
N24,0.0,0.0,0.0
N25,0.0,0.0,0.0
Na18,0.0,0.0,0.0
Na19,0.0,0.0,0.0
Na20,0.0,0.0,0.0
Na21,0.0,0.0,0.0
Na22,0.0,0.0,0.0
Na23,0.0,0.0,0.0
Na24,0.0,0.0,0.0
Na24_m1,0.0,0.0,0.0
Na25,0.0,0.0,0.0
Na26,0.0,0.0,0.0
Na27,0.0,0.0,0.0
Na28,0.0,0.0,0.0
Na29,0.0,0.0,0.0
Na30,0.0,0.0,0.0
Na31,0.0,0.0,0.0
Na32,0.0,0.0,0.0
Na33,0.0,0.0,0.0
Na34,0.0,0.0,0.0
Na35,0.0,0.0,0.0
Na36,0.0,0.0,0.0
Na37,0.0,0.0,0.0
Nb100,0.0,0.0,0.0
Nb100_m1,0.0,0.0,0.0
Nb101,0.0,0.0,0.0
Nb102,0.0,0.0,0.0
Nb102_m1,0.0,0.0,0.0
Nb103,0.0,0.0,0.0
Nb104,0.0,0.0,0.0
Nb104_m1,0.0,0.0,0.0
Nb105,0.0,0.0,0.0
Nb106,0.0,0.0,0.0
Nb107,0.0,0.0,0.0
Nb108,0.0,0.0,0.0
Nb109,0.0,0.0,0.0
Nb110,0.0,0.0,0.0
Nb111,0.0,0.0,0.0
Nb112,0.0,0.0,0.0
Nb113,0.0,0.0,0.0
Nb81,0.0,0.0,0.0
Nb82,0.0,0.0,0.0
Nb83,0.0,0.0,0.0
Nb84,0.0,0.0,0.0
Nb85,0.0,0.0,0.0
Nb85_m1,0.0,0.0,0.0
Nb86,0.0,0.0,0.0
Nb87,0.0,0.0,0.0
Nb87_m1,0.0,0.0,0.0
Nb88,0.0,0.0,0.0
Nb88_m1,0.0,0.0,0.0
Nb89,0.0,0.0,0.0
Nb89_m1,0.0,0.0,0.0
Nb90,0.0,0.0,0.0
Nb90_m1,0.0,0.0,0.0
Nb90_m2,0.0,0.0,0.0
Nb91,0.0,0.0,0.0
Nb91_m1,0.0,0.0,0.0
Nb92,0.0,0.0,0.0
Nb92_m1,0.0,0.0,0.0
Nb93,0.0,401057655261183.3,401057655261183.3
Nb93_m1,0.0,8386685394995840.0,8386685394995840.0
Nb94,0.0,0.0,0.0
Nb94_m1,0.0,0.0,0.0
Nb95,0.0,3.6648629210104264e+18,3.6648629210104264e+18
Nb95_m1,0.0,2039927454096211.2,2039927454096211.2
Nb96,0.0,0.0,0.0
Nb97,0.0,0.0,0.0
Nb97_m1,0.0,0.0,0.0
Nb98,0.0,0.0,0.0
Nb98_m1,0.0,0.0,0.0
Nb99,0.0,0.0,0.0
Nb99_m1,0.0,0.0,0.0
Nd124,0.0,0.0,0.0
Nd125,0.0,0.0,0.0
Nd126,0.0,0.0,0.0
Nd127,0.0,0.0,0.0
Nd128,0.0,0.0,0.0
Nd129,0.0,0.0,0.0
Nd130,0.0,0.0,0.0
Nd131,0.0,0.0,0.0
Nd132,0.0,0.0,0.0
Nd133,0.0,0.0,0.0
Nd133_m1,0.0,0.0,0.0
Nd134,0.0,0.0,0.0
Nd135,0.0,0.0,0.0
Nd135_m1,0.0,0.0,0.0
Nd136,0.0,0.0,0.0
Nd137,0.0,0.0,0.0
Nd137_m1,0.0,0.0,0.0
Nd138,0.0,0.0,0.0
Nd139,0.0,0.0,0.0
Nd139_m1,0.0,0.0,0.0
Nd140,0.0,0.0,0.0
Nd141,0.0,0.0,0.0
Nd141_m1,0.0,0.0,0.0
Nd142,0.0,0.0,0.0
Nd143,1.6952429999999997e+22,1.6952430000000003e+22,6291456.0
Nd144,1.536118e+22,1.5361180000000011e+22,10485760.0
Nd145,1.1437569999999995e+22,1.143757e+22,4194304.0
Nd146,9.123476999999999e+21,9.123477000000003e+21,3145728.0
Nd147,0.0,0.0,0.0
Nd148,0.0,0.0,0.0
Nd149,0.0,0.0,0.0
Nd150,0.0,0.0,0.0
Nd151,0.0,0.0,0.0
Nd152,0.0,0.0,0.0
Nd153,0.0,0.0,0.0
Nd154,0.0,0.0,0.0
Nd155,0.0,0.0,0.0
Nd156,0.0,0.0,0.0
Nd157,0.0,0.0,0.0
Nd158,0.0,0.0,0.0
Nd159,0.0,0.0,0.0
Nd160,0.0,0.0,0.0
Nd161,0.0,0.0,0.0
Ne16,0.0,0.0,0.0
Ne17,0.0,0.0,0.0
Ne18,0.0,0.0,0.0
Ne19,0.0,0.0,0.0
Ne20,0.0,0.0,0.0
Ne21,0.0,0.0,0.0
Ne22,0.0,0.0,0.0
Ne23,0.0,0.0,0.0
Ne24,0.0,0.0,0.0
Ne25,0.0,0.0,0.0
Ne26,0.0,0.0,0.0
Ne27,0.0,0.0,0.0
Ne28,0.0,0.0,0.0
Ne29,0.0,0.0,0.0
Ne30,0.0,0.0,0.0
Ne31,0.0,0.0,0.0
Ne32,0.0,0.0,0.0
Ne33,0.0,0.0,0.0
Ne34,0.0,0.0,0.0
Ni48,0.0,0.0,0.0
Ni49,0.0,0.0,0.0
Ni50,0.0,0.0,0.0
Ni51,0.0,0.0,0.0
Ni52,0.0,0.0,0.0
Ni53,0.0,0.0,0.0
Ni54,0.0,0.0,0.0
Ni55,0.0,0.0,0.0
Ni56,0.0,0.0,0.0
Ni57,0.0,0.0,0.0
Ni58,0.0,0.0,0.0
Ni59,0.0,0.0,0.0
Ni60,0.0,0.0,0.0
Ni61,0.0,0.0,0.0
Ni62,0.0,0.0,0.0
Ni63,0.0,0.0,0.0
Ni64,0.0,0.0,0.0
Ni65,0.0,0.0,0.0
Ni66,0.0,0.0,0.0
Ni67,0.0,0.0,0.0
Ni68,0.0,0.0,0.0
Ni69,0.0,0.0,0.0
Ni69_m1,0.0,0.0,0.0
Ni70,0.0,0.0,0.0
Ni71,0.0,0.0,0.0
Ni72,0.0,0.0,0.0
Ni73,0.0,0.0,0.0
Ni74,0.0,0.0,0.0
Ni75,0.0,0.0,0.0
Ni76,0.0,0.0,0.0
Ni77,0.0,0.0,0.0
Ni78,0.0,0.0,0.0
No250,0.0,0.0,0.0
No251,0.0,0.0,0.0
No251_m1,0.0,0.0,0.0
No252,0.0,0.0,0.0
No253,0.0,0.0,0.0
No254,0.0,0.0,0.0
No254_m1,0.0,0.0,0.0
No255,0.0,0.0,0.0
No256,0.0,0.0,0.0
No257,0.0,0.0,0.0
No258,0.0,781.145414805938,781.145414805938
No259,0.0,0.0,0.0
No260,0.0,0.0,0.0
No261,0.0,0.0,0.0
No262,0.0,0.0,0.0
Np225,0.0,0.0,0.0
Np226,0.0,0.0,0.0
Np227,0.0,0.0,0.0
Np228,0.0,0.11160863975010855,0.11160863975010855
Np229,0.0,0.0,0.0
Np230,0.0,0.0,0.0
Np231,0.0,0.0,0.0
Np232,0.0,0.0,0.0
Np233,0.0,-2.8351682942359632e-09,-2.8351682942359632e-09
Np234,0.0,0.0,0.0
Np235,0.0,0.0,0.0
Np236,0.0,0.0,0.0
Np236_m1,0.0,0.0,0.0
Np237,2.1291479999999999e+21,2.1291629515761635e+21,1.4951576163581952e+16
Np238,0.0,7970677076.422795,7970677076.422795
Np239,0.0,2190527913.580436,2190527913.580436
Np240,0.0,0.0,0.0
Np240_m1,0.0,0.0,0.0
Np241,0.0,0.0,0.0
Np242,0.0,0.0,0.0
Np242_m1,0.0,0.0,0.0
Np243,0.0,0.0,0.0
Np244,0.0,0.0,0.0
O12,0.0,0.0,0.0
O13,0.0,0.0,0.0
O14,0.0,0.0,0.0
O15,0.0,0.0,0.0
O16,0.0,0.0,0.0
O17,0.0,0.0,0.0
O18,0.0,0.0,0.0
O19,0.0,0.0,0.0
O20,0.0,0.0,0.0
O21,0.0,0.0,0.0
O22,0.0,0.0,0.0
O23,0.0,0.0,0.0
O24,0.0,0.0,0.0
O25,0.0,0.0,0.0
O26,0.0,0.0,0.0
O27,0.0,0.0,0.0
O28,0.0,0.0,0.0
Os162,0.0,0.0,0.0
Os163,0.0,0.0,0.0
Os164,0.0,0.0,0.0
Os165,0.0,0.0,0.0
Os166,0.0,0.0,0.0
Os167,0.0,0.0,0.0
Os168,0.0,0.0,0.0
Os169,0.0,0.0,0.0
Os170,0.0,0.0,0.0
Os171,0.0,0.0,0.0
Os172,0.0,0.0,0.0
Os173,0.0,0.0,0.0
Os174,0.0,0.0,0.0
Os175,0.0,0.0,0.0
Os176,0.0,0.0,0.0
Os177,0.0,0.0,0.0
Os178,0.0,0.0,0.0
Os179,0.0,0.0,0.0
Os180,0.0,0.0,0.0
Os181,0.0,0.0,0.0
Os181_m1,0.0,0.0,0.0
Os182,0.0,0.0,0.0
Os183,0.0,0.0,0.0
Os183_m1,0.0,0.0,0.0
Os184,0.0,0.0,0.0
Os185,0.0,0.0,0.0
Os186,0.0,0.0,0.0
Os187,0.0,0.0,0.0
Os188,0.0,0.0,0.0
Os189,0.0,0.0,0.0
Os189_m1,0.0,0.0,0.0
Os190,0.0,0.0,0.0
Os190_m1,0.0,0.0,0.0
Os191,0.0,0.0,0.0
Os191_m1,0.0,0.0,0.0
Os192,0.0,0.0,0.0
Os192_m1,0.0,0.0,0.0
Os193,0.0,0.0,0.0
Os194,0.0,0.0,0.0
Os195,0.0,0.0,0.0
Os196,0.0,0.0,0.0
P24,0.0,0.0,0.0
P25,0.0,0.0,0.0
P26,0.0,0.0,0.0
P27,0.0,0.0,0.0
P28,0.0,0.0,0.0
P29,0.0,0.0,0.0
P30,0.0,0.0,0.0
P31,0.0,0.0,0.0
P32,0.0,0.0,0.0
P33,0.0,0.0,0.0
P34,0.0,0.0,0.0
P35,0.0,0.0,0.0
P36,0.0,0.0,0.0
P37,0.0,0.0,0.0
P38,0.0,0.0,0.0
P39,0.0,0.0,0.0
P40,0.0,0.0,0.0
P41,0.0,0.0,0.0
P42,0.0,0.0,0.0
P43,0.0,0.0,0.0
P44,0.0,0.0,0.0
P45,0.0,0.0,0.0
P46,0.0,0.0,0.0
Pa212,0.0,0.0,0.0
Pa213,0.0,0.0,0.0
Pa214,0.0,0.0,0.0
Pa215,0.0,0.0,0.0
Pa216,0.0,0.0,0.0
Pa217,0.0,0.0,0.0
Pa217_m1,0.0,0.0,0.0
Pa218,0.0,0.0,0.0
Pa219,0.0,0.0,0.0
Pa220,0.0,0.0,0.0
Pa221,0.0,0.0,0.0
Pa222,0.0,0.0,0.0
Pa223,0.0,0.0,0.0
Pa224,0.0,0.0005744070259723878,0.0005744070259723878
Pa225,0.0,-0.0025706699572910475,-0.0025706699572910475
Pa226,0.0,0.0,0.0
Pa227,0.0,0.0,0.0
Pa228,0.0,-3.0893637567597567,-3.0893637567597567
Pa229,0.0,0.0,0.0
Pa230,0.0,0.0,0.0
Pa231,0.0,1063668952147497.2,1063668952147497.2
Pa232,0.0,0.0,0.0
Pa233,0.0,73336179448962.02,73336179448962.02
Pa234,0.0,1667933033.2259727,1667933033.2259727
Pa234_m1,0.0,3005495974.3789916,3005495974.3789916
Pa235,0.0,0.0,0.0
Pa236,0.0,0.0,0.0
Pa237,0.0,0.0,0.0
Pa238,0.0,0.0,0.0
Pa239,0.0,0.0,0.0
Pa240,0.0,0.0,0.0
Pb178,0.0,0.0,0.0
Pb179,0.0,0.0,0.0
Pb180,0.0,0.0,0.0
Pb181,0.0,0.0,0.0
Pb181_m1,0.0,0.0,0.0
Pb182,0.0,0.0,0.0
Pb183,0.0,0.0,0.0
Pb183_m1,0.0,0.0,0.0
Pb184,0.0,0.0,0.0
Pb185,0.0,0.0,0.0
Pb185_m1,0.0,0.0,0.0
Pb186,0.0,0.0,0.0
Pb187,0.0,0.0,0.0
Pb187_m1,0.0,0.0,0.0
Pb188,0.0,0.0,0.0
Pb189,0.0,0.0,0.0
Pb189_m1,0.0,0.0,0.0
Pb190,0.0,0.0,0.0
Pb191,0.0,0.0,0.0
Pb191_m1,0.0,0.0,0.0
Pb192,0.0,0.0,0.0
Pb193,0.0,0.0,0.0
Pb193_m1,0.0,0.0,0.0
Pb194,0.0,0.0,0.0
Pb195,0.0,0.0,0.0
Pb195_m1,0.0,0.0,0.0
Pb196,0.0,0.0,0.0
Pb197,0.0,0.0,0.0
Pb197_m1,0.0,0.0,0.0
Pb198,0.0,0.0,0.0
Pb199,0.0,0.0,0.0
Pb199_m1,0.0,0.0,0.0
Pb200,0.0,0.0,0.0
Pb201,0.0,0.0,0.0
Pb201_m1,0.0,0.0,0.0
Pb202,0.0,0.0,0.0
Pb202_m1,0.0,0.0,0.0
Pb203,0.0,0.0,0.0
Pb203_m1,0.0,0.0,0.0
Pb203_m2,0.0,0.0,0.0
Pb204,0.0,0.0,0.0
Pb204_m1,0.0,0.0,0.0
Pb205,0.0,0.0,0.0
Pb205_m1,0.0,0.0,0.0
Pb206,0.0,-1490.7389101942517,-1490.7389101942517
Pb207,0.0,82625578.86607663,82625578.86607663
Pb207_m1,0.0,0.0,0.0
Pb208,0.0,3076.847304910194,3076.847304910194
Pb209,0.0,48.97022695989416,48.97022695989416
Pb210,0.0,315066.10604079,315066.10604079
Pb211,0.0,27431.46105620835,27431.46105620835
Pb212,0.0,0.9908108966375966,0.9908108966375966
Pb213,0.0,0.0,0.0
Pb214,0.0,71.13887003796911,71.13887003796911
Pb215,0.0,0.0,0.0
Pd100,0.0,0.0,0.0
Pd101,0.0,0.0,0.0
Pd102,0.0,0.0,0.0
Pd103,0.0,0.0,0.0
Pd104,0.0,0.0,0.0
Pd105,0.0,0.0,0.0
Pd106,0.0,0.0,0.0
Pd107,0.0,0.0,0.0
Pd107_m1,0.0,0.0,0.0
Pd108,0.0,0.0,0.0
Pd109,0.0,0.0,0.0
Pd109_m1,0.0,0.0,0.0
Pd110,0.0,0.0,0.0
Pd111,0.0,0.0,0.0
Pd111_m1,0.0,0.0,0.0
Pd112,0.0,0.0,0.0
Pd113,0.0,0.0,0.0
Pd113_m1,0.0,0.0,0.0
Pd114,0.0,0.0,0.0
Pd115,0.0,0.0,0.0
Pd115_m1,0.0,0.0,0.0
Pd116,0.0,0.0,0.0
Pd117,0.0,0.0,0.0
Pd117_m1,0.0,0.0,0.0
Pd118,0.0,0.0,0.0
Pd119,0.0,0.0,0.0
Pd120,0.0,0.0,0.0
Pd121,0.0,0.0,0.0
Pd122,0.0,0.0,0.0
Pd123,0.0,0.0,0.0
Pd124,0.0,0.0,0.0
Pd125,0.0,0.0,0.0
Pd126,0.0,0.0,0.0
Pd91,0.0,0.0,0.0
Pd92,0.0,0.0,0.0
Pd93,0.0,0.0,0.0
Pd94,0.0,0.0,0.0
Pd95,0.0,0.0,0.0
Pd95_m1,0.0,0.0,0.0
Pd96,0.0,0.0,0.0
Pd97,0.0,0.0,0.0
Pd98,0.0,0.0,0.0
Pd99,0.0,0.0,0.0
Pm126,0.0,0.0,0.0
Pm127,0.0,0.0,0.0
Pm128,0.0,0.0,0.0
Pm129,0.0,0.0,0.0
Pm130,0.0,0.0,0.0
Pm131,0.0,0.0,0.0
Pm132,0.0,0.0,0.0
Pm133,0.0,0.0,0.0
Pm133_m1,0.0,0.0,0.0
Pm134,0.0,0.0,0.0
Pm134_m1,0.0,0.0,0.0
Pm135,0.0,0.0,0.0
Pm135_m1,0.0,0.0,0.0
Pm136,0.0,0.0,0.0
Pm136_m1,0.0,0.0,0.0
Pm137,0.0,0.0,0.0
Pm138,0.0,0.0,0.0
Pm138_m1,0.0,0.0,0.0
Pm139,0.0,0.0,0.0
Pm139_m1,0.0,0.0,0.0
Pm140,0.0,0.0,0.0
Pm140_m1,0.0,0.0,0.0
Pm141,0.0,0.0,0.0
Pm142,0.0,0.0,0.0
Pm142_m1,0.0,0.0,0.0
Pm143,0.0,0.0,0.0
Pm144,0.0,0.0,0.0
Pm145,0.0,0.0,0.0
Pm146,0.0,0.0,0.0
Pm147,0.0,0.0,0.0
Pm148,0.0,0.0,0.0
Pm148_m1,0.0,0.0,0.0
Pm149,0.0,0.0,0.0
Pm150,0.0,0.0,0.0
Pm151,0.0,0.0,0.0
Pm152,0.0,0.0,0.0
Pm152_m1,0.0,0.0,0.0
Pm152_m2,0.0,0.0,0.0
Pm153,0.0,0.0,0.0
Pm154,0.0,0.0,0.0
Pm154_m1,0.0,0.0,0.0
Pm155,0.0,0.0,0.0
Pm156,0.0,0.0,0.0
Pm157,0.0,0.0,0.0
Pm158,0.0,0.0,0.0
Pm159,0.0,0.0,0.0
Pm160,0.0,0.0,0.0
Pm161,0.0,0.0,0.0
Pm162,0.0,0.0,0.0
Pm163,0.0,0.0,0.0
Po188,0.0,0.0,0.0
Po189,0.0,0.0,0.0
Po190,0.0,0.0,0.0
Po191,0.0,0.0,0.0
Po191_m1,0.0,0.0,0.0
Po192,0.0,0.0,0.0
Po193,0.0,0.0,0.0
Po193_m1,0.0,0.0,0.0
Po194,0.0,0.0,0.0
Po195,0.0,0.0,0.0
Po195_m1,0.0,0.0,0.0
Po196,0.0,0.0,0.0
Po197,0.0,0.0,0.0
Po197_m1,0.0,0.0,0.0
Po198,0.0,0.0,0.0
Po199,0.0,0.0,0.0
Po199_m1,0.0,0.0,0.0
Po200,0.0,0.0,0.0
Po201,0.0,0.0,0.0
Po201_m1,0.0,0.0,0.0
Po202,0.0,0.0,0.0
Po203,0.0,0.0,0.0
Po203_m1,0.0,0.0,0.0
Po204,0.0,0.0,0.0
Po205,0.0,0.0,0.0
Po205_m1,0.0,0.0,0.0
Po205_m2,0.0,0.0,0.0
Po206,0.0,0.0,0.0
Po207,0.0,0.0,0.0
Po207_m1,0.0,0.0,0.0
Po208,0.0,0.0,0.0
Po209,0.0,0.0,0.0
Po210,0.0,324.5620734933365,324.5620734933365
Po211,0.0,0.01803617816682144,0.01803617816682144
Po211_m1,0.0,0.0,0.0
Po212,0.0,1.8563695618864574e-10,1.8563695618864574e-10
Po212_m1,0.0,0.0,0.0
Po213,0.0,1.7199075548181163e-08,1.7199075548181163e-08
Po214,0.0,7.267849887067167e-06,7.267849887067167e-06
Po215,0.0,0.02256067355185267,0.02256067355185267
Po216,0.0,3.7585128360894904e-06,3.7585128360894904e-06
Po217,0.0,0.0,0.0
Po218,0.0,8.226315470270405,8.226315470270405
Po219,0.0,0.0,0.0
Po220,0.0,0.0,0.0
Pr121,0.0,0.0,0.0
Pr122,0.0,0.0,0.0
Pr123,0.0,0.0,0.0
Pr124,0.0,0.0,0.0
Pr125,0.0,0.0,0.0
Pr126,0.0,0.0,0.0
Pr127,0.0,0.0,0.0
Pr128,0.0,0.0,0.0
Pr129,0.0,0.0,0.0
Pr130,0.0,0.0,0.0
Pr131,0.0,0.0,0.0
Pr131_m1,0.0,0.0,0.0
Pr132,0.0,0.0,0.0
Pr133,0.0,0.0,0.0
Pr134,0.0,0.0,0.0
Pr134_m1,0.0,0.0,0.0
Pr135,0.0,0.0,0.0
Pr136,0.0,0.0,0.0
Pr137,0.0,0.0,0.0
Pr138,0.0,0.0,0.0
Pr138_m1,0.0,0.0,0.0
Pr139,0.0,0.0,0.0
Pr140,0.0,0.0,0.0
Pr141,1.7075509999999998e+22,1.7075509999999998e+22,0.0
Pr142,0.0,0.0,0.0
Pr142_m1,0.0,0.0,0.0
Pr143,0.0,0.0,0.0
Pr144,0.0,1.5668636111721028,1.5668636111721028
Pr144_m1,0.0,1.0160133280791805,1.0160133280791805
Pr145,0.0,0.0,0.0
Pr146,0.0,0.0,0.0
Pr147,0.0,0.0,0.0
Pr148,0.0,0.0,0.0
Pr148_m1,0.0,0.0,0.0
Pr149,0.0,0.0,0.0
Pr150,0.0,0.0,0.0
Pr151,0.0,0.0,0.0
Pr152,0.0,0.0,0.0
Pr153,0.0,0.0,0.0
Pr154,0.0,0.0,0.0
Pr155,0.0,0.0,0.0
Pr156,0.0,0.0,0.0
Pr157,0.0,0.0,0.0
Pr158,0.0,0.0,0.0
Pr159,0.0,0.0,0.0
Pt166,0.0,0.0,0.0
Pt167,0.0,0.0,0.0
Pt168,0.0,0.0,0.0
Pt169,0.0,0.0,0.0
Pt170,0.0,0.0,0.0
Pt171,0.0,0.0,0.0
Pt172,0.0,0.0,0.0
Pt173,0.0,0.0,0.0
Pt174,0.0,0.0,0.0
Pt175,0.0,0.0,0.0
Pt176,0.0,0.0,0.0
Pt177,0.0,0.0,0.0
Pt178,0.0,0.0,0.0
Pt179,0.0,0.0,0.0
Pt180,0.0,0.0,0.0
Pt181,0.0,0.0,0.0
Pt182,0.0,0.0,0.0
Pt183,0.0,0.0,0.0
Pt183_m1,0.0,0.0,0.0
Pt184,0.0,0.0,0.0
Pt184_m1,0.0,0.0,0.0
Pt185,0.0,0.0,0.0
Pt185_m1,0.0,0.0,0.0
Pt186,0.0,0.0,0.0
Pt187,0.0,0.0,0.0
Pt188,0.0,0.0,0.0
Pt189,0.0,0.0,0.0
Pt190,0.0,0.0,0.0
Pt191,0.0,0.0,0.0
Pt192,0.0,0.0,0.0
Pt193,0.0,0.0,0.0
Pt193_m1,0.0,0.0,0.0
Pt194,0.0,0.0,0.0
Pt195,0.0,0.0,0.0
Pt195_m1,0.0,0.0,0.0
Pt196,0.0,0.0,0.0
Pt197,0.0,0.0,0.0
Pt197_m1,0.0,0.0,0.0
Pt198,0.0,0.0,0.0
Pt199,0.0,0.0,0.0
Pt199_m1,0.0,0.0,0.0
Pt200,0.0,0.0,0.0
Pt201,0.0,0.0,0.0
Pt202,0.0,0.0,0.0
Pu228,0.0,0.0,0.0
Pu229,0.0,0.0,0.0
Pu230,0.0,-0.3066466191837676,-0.3066466191837676
Pu231,0.0,0.0,0.0
Pu232,0.0,0.0,0.0
Pu233,0.0,0.0,0.0
Pu234,0.0,0.0,0.0
Pu235,0.0,0.0,0.0
Pu236,0.0,0.0,0.0
Pu237,0.0,27.165831084249508,27.165831084249508
Pu237_m1,0.0,1.9275855899017208e-10,1.9275855899017208e-10
Pu238,1.1533499999999998e+20,1.1444692431596565e+20,-8.880756840343306e+17
Pu239,1.399289e+23,1.3992487995303688e+23,-4.020046963117392e+18
Pu240,2.508792e+21,2.508527151706229e+21,-2.6484829377108378e+17
Pu241,2.5376279999999996e+19,2.4175562973036204e+19,-1.200717026963792e+18
Pu242,3.142078e+17,3.142429472504792e+17,35147250479232.0
Pu243,0.0,0.0,0.0
Pu244,0.0,0.0,0.0
Pu245,0.0,0.0,0.0
Pu246,0.0,0.0,0.0
Pu247,0.0,0.0,0.0
Ra202,0.0,0.0,0.0
Ra203,0.0,0.0,0.0
Ra203_m1,0.0,0.0,0.0
Ra204,0.0,0.0,0.0
Ra205,0.0,0.0,0.0
Ra205_m1,0.0,0.0,0.0
Ra206,0.0,0.0,0.0
Ra207,0.0,0.0,0.0
Ra207_m1,0.0,0.0,0.0
Ra208,0.0,0.0,0.0
Ra209,0.0,0.0,0.0
Ra210,0.0,0.0,0.0
Ra211,0.0,0.0,0.0
Ra212,0.0,0.0,0.0
Ra213,0.0,0.0,0.0
Ra213_m1,0.0,0.0,0.0
Ra214,0.0,0.0,0.0
Ra215,0.0,0.0,0.0
Ra216,0.0,0.0,0.0
Ra217,0.0,0.0,0.0
Ra218,0.0,-1.3142848275810552e-08,-1.3142848275810552e-08
Ra219,0.0,0.0,0.0
Ra220,0.0,1.087829931345699e-05,1.087829931345699e-05
Ra221,0.0,0.0,0.0
Ra222,0.0,0.0,0.0
Ra223,0.0,12509727.049158905,12509727.049158905
Ra224,0.0,8.196811378563282,8.196811378563282
Ra225,0.0,5914.836549858354,5914.836549858354
Ra226,0.0,2303239489.7633295,2303239489.7633295
Ra227,0.0,0.0,0.0
Ra228,0.0,41145.27760321812,41145.27760321812
Ra229,0.0,0.0,0.0
Ra230,0.0,0.0,0.0
Ra231,0.0,0.0,0.0
Ra232,0.0,0.0,0.0
Ra233,0.0,0.0,0.0
Ra234,0.0,0.0,0.0
Rb100,0.0,0.0,0.0
Rb101,0.0,0.0,0.0
Rb102,0.0,0.0,0.0
Rb71,0.0,0.0,0.0
Rb72,0.0,0.0,0.0
Rb73,0.0,0.0,0.0
Rb74,0.0,0.0,0.0
Rb75,0.0,0.0,0.0
Rb76,0.0,0.0,0.0
Rb77,0.0,0.0,0.0
Rb78,0.0,0.0,0.0
Rb78_m1,0.0,0.0,0.0
Rb79,0.0,0.0,0.0
Rb80,0.0,0.0,0.0
Rb81,0.0,0.0,0.0
Rb81_m1,0.0,0.0,0.0
Rb82,0.0,0.0,0.0
Rb82_m1,0.0,0.0,0.0
Rb83,0.0,0.0,0.0
Rb84,0.0,0.0,0.0
Rb84_m1,0.0,0.0,0.0
Rb85,0.0,0.0,0.0
Rb86,0.0,0.0,0.0
Rb86_m1,0.0,0.0,0.0
Rb87,0.0,0.0,0.0
Rb88,0.0,0.0,0.0
Rb89,0.0,0.0,0.0
Rb90,0.0,0.0,0.0
Rb90_m1,0.0,0.0,0.0
Rb91,0.0,0.0,0.0
Rb92,0.0,0.0,0.0
Rb93,0.0,0.0,0.0
Rb94,0.0,0.0,0.0
Rb95,0.0,0.0,0.0
Rb96,0.0,0.0,0.0
Rb97,0.0,0.0,0.0
Rb98,0.0,0.0,0.0
Rb98_m1,0.0,0.0,0.0
Rb99,0.0,0.0,0.0
Re160,0.0,0.0,0.0
Re161,0.0,0.0,0.0
Re161_m1,0.0,0.0,0.0
Re162,0.0,0.0,0.0
Re162_m1,0.0,0.0,0.0
Re163,0.0,0.0,0.0
Re163_m1,0.0,0.0,0.0
Re164,0.0,0.0,0.0
Re164_m1,0.0,0.0,0.0
Re165,0.0,0.0,0.0
Re165_m1,0.0,0.0,0.0
Re166,0.0,0.0,0.0
Re167,0.0,0.0,0.0
Re167_m1,0.0,0.0,0.0
Re168,0.0,0.0,0.0
Re169,0.0,0.0,0.0
Re169_m1,0.0,0.0,0.0
Re170,0.0,0.0,0.0
Re171,0.0,0.0,0.0
Re172,0.0,0.0,0.0
Re172_m1,0.0,0.0,0.0
Re173,0.0,0.0,0.0
Re174,0.0,0.0,0.0
Re175,0.0,0.0,0.0
Re176,0.0,0.0,0.0
Re177,0.0,0.0,0.0
Re178,0.0,0.0,0.0
Re179,0.0,0.0,0.0
Re180,0.0,0.0,0.0
Re181,0.0,0.0,0.0
Re182,0.0,0.0,0.0
Re182_m1,0.0,0.0,0.0
Re183,0.0,0.0,0.0
Re183_m1,0.0,0.0,0.0
Re184,0.0,0.0,0.0
Re184_m1,0.0,0.0,0.0
Re185,0.0,0.0,0.0
Re186,0.0,0.0,0.0
Re186_m1,0.0,0.0,0.0
Re187,0.0,0.0,0.0
Re188,0.0,0.0,0.0
Re188_m1,0.0,0.0,0.0
Re189,0.0,0.0,0.0
Re190,0.0,0.0,0.0
Re190_m1,0.0,0.0,0.0
Re191,0.0,0.0,0.0
Re192,0.0,0.0,0.0
Re193,0.0,0.0,0.0
Re194,0.0,0.0,0.0
Rf253,0.0,0.0,0.0
Rf254,0.0,0.0,0.0
Rf255,0.0,0.0,0.0
Rf256,0.0,0.0,0.0
Rf257,0.0,0.0,0.0
Rf257_m1,0.0,0.0,0.0
Rf258,0.0,0.0,0.0
Rf259,0.0,0.0,0.0
Rf260,0.0,0.0,0.0
Rf261,0.0,0.0,0.0
Rf261_m1,0.0,0.0,0.0
Rf262,0.0,2.396564845257255e-05,2.396564845257255e-05
Rf263,0.0,0.0,0.0
Rf264,0.0,0.0,0.0
Rf265,0.0,4789.566696247352,4789.566696247352
Rg272,0.0,0.0,0.0
Rh100,0.0,0.0,0.0
Rh100_m1,0.0,0.0,0.0
Rh101,0.0,0.0,0.0
Rh101_m1,0.0,0.0,0.0
Rh102,0.0,0.0,0.0
Rh102_m1,0.0,0.0,0.0
Rh103,1.044643e+22,1.0446430000000008e+22,8388608.0
Rh103_m1,0.0,0.0,0.0
Rh104,0.0,0.0,0.0
Rh104_m1,0.0,0.0,0.0
Rh105,0.0,0.0,0.0
Rh105_m1,0.0,0.0,0.0
Rh106,0.0,0.0,0.0
Rh106_m1,0.0,0.0,0.0
Rh107,0.0,0.0,0.0
Rh108,0.0,0.0,0.0
Rh108_m1,0.0,0.0,0.0
Rh109,0.0,0.0,0.0
Rh110,0.0,0.0,0.0
Rh110_m1,0.0,0.0,0.0
Rh111,0.0,0.0,0.0
Rh112,0.0,0.0,0.0
Rh112_m1,0.0,0.0,0.0
Rh113,0.0,0.0,0.0
Rh114,0.0,0.0,0.0
Rh115,0.0,0.0,0.0
Rh116,0.0,0.0,0.0
Rh116_m1,0.0,0.0,0.0
Rh117,0.0,0.0,0.0
Rh118,0.0,0.0,0.0
Rh119,0.0,0.0,0.0
Rh120,0.0,0.0,0.0
Rh121,0.0,0.0,0.0
Rh122,0.0,0.0,0.0
Rh123,0.0,0.0,0.0
Rh89,0.0,0.0,0.0
Rh90,0.0,0.0,0.0
Rh90_m1,0.0,0.0,0.0
Rh91,0.0,0.0,0.0
Rh92,0.0,0.0,0.0
Rh93,0.0,0.0,0.0
Rh94,0.0,0.0,0.0
Rh94_m1,0.0,0.0,0.0
Rh95,0.0,0.0,0.0
Rh95_m1,0.0,0.0,0.0
Rh96,0.0,0.0,0.0
Rh96_m1,0.0,0.0,0.0
Rh97,0.0,0.0,0.0
Rh97_m1,0.0,0.0,0.0
Rh98,0.0,0.0,0.0
Rh98_m1,0.0,0.0,0.0
Rh99,0.0,0.0,0.0
Rh99_m1,0.0,0.0,0.0
Rn195,0.0,0.0,0.0
Rn195_m1,0.0,0.0,0.0
Rn196,0.0,0.0,0.0
Rn197,0.0,0.0,0.0
Rn197_m1,0.0,0.0,0.0
Rn198,0.0,0.0,0.0
Rn199,0.0,0.0,0.0
Rn199_m1,0.0,0.0,0.0
Rn200,0.0,0.0,0.0
Rn201,0.0,0.0,0.0
Rn201_m1,0.0,0.0,0.0
Rn202,0.0,0.0,0.0
Rn203,0.0,0.0,0.0
Rn203_m1,0.0,0.0,0.0
Rn204,0.0,0.0,0.0
Rn205,0.0,0.0,0.0
Rn206,0.0,0.0,0.0
Rn207,0.0,0.0,0.0
Rn208,0.0,0.0,0.0
Rn209,0.0,0.0,0.0
Rn210,0.0,0.0,0.0
Rn211,0.0,0.0,0.0
Rn212,0.0,0.0,0.0
Rn213,0.0,0.0,0.0
Rn214,0.0,-4.5895233865962323e-10,-4.5895233865962323e-10
Rn215,0.0,0.0,0.0
Rn216,0.0,2.7195748236756955e-08,2.7195748236756955e-08
Rn217,0.0,1.5832202722856566e-10,1.5832202722856566e-10
Rn218,0.0,3.0979233955215196e-10,3.0979233955215196e-10
Rn219,0.0,50.16292866021119,50.16292866021119
Rn220,0.0,0.0014411952847406307,0.0014411952847406307
Rn221,0.0,0.0,0.0
Rn222,0.0,14620.258008314535,14620.258008314535
Rn223,0.0,0.0,0.0
Rn224,0.0,0.0,0.0
Rn225,0.0,0.0,0.0
Rn226,0.0,0.0,0.0
Rn227,0.0,0.0,0.0
Rn228,0.0,0.0,0.0
Ru100,0.0,1794.3554106651773,1794.3554106651773
Ru101,1.5493559999999997e+22,1.5493560000000001e+22,4194304.0
Ru102,1.4120449999999997e+22,1.4120449999999982e+22,-14680064.0
Ru103,0.0,0.0,0.0
Ru103_m1,0.0,0.0,0.0
Ru104,0.0,0.0,0.0
Ru105,0.0,0.0,0.0
Ru106,0.0,0.0,0.0
Ru107,0.0,0.0,0.0
Ru108,0.0,0.0,0.0
Ru109,0.0,0.0,0.0
Ru110,0.0,0.0,0.0
Ru111,0.0,0.0,0.0
Ru112,0.0,0.0,0.0
Ru113,0.0,0.0,0.0
Ru113_m1,0.0,0.0,0.0
Ru114,0.0,0.0,0.0
Ru115,0.0,0.0,0.0
Ru116,0.0,0.0,0.0
Ru117,0.0,0.0,0.0
Ru118,0.0,0.0,0.0
Ru119,0.0,0.0,0.0
Ru120,0.0,0.0,0.0
Ru87,0.0,0.0,0.0
Ru88,0.0,0.0,0.0
Ru89,0.0,0.0,0.0
Ru90,0.0,0.0,0.0
Ru91,0.0,0.0,0.0
Ru91_m1,0.0,0.0,0.0
Ru92,0.0,0.0,0.0
Ru93,0.0,0.0,0.0
Ru93_m1,0.0,0.0,0.0
Ru94,0.0,0.0,0.0
Ru95,0.0,0.0,0.0
Ru96,0.0,0.0,0.0
Ru97,0.0,0.0,0.0
Ru98,0.0,0.0,0.0
Ru99,0.0,5.839385180113825e+16,5.839385180113825e+16
S26,0.0,0.0,0.0
S27,0.0,0.0,0.0
S28,0.0,0.0,0.0
S29,0.0,0.0,0.0
S30,0.0,0.0,0.0
S31,0.0,0.0,0.0
S32,0.0,0.0,0.0
S33,0.0,0.0,0.0
S34,0.0,0.0,0.0
S35,0.0,0.0,0.0
S36,0.0,0.0,0.0
S37,0.0,0.0,0.0
S38,0.0,0.0,0.0
S39,0.0,0.0,0.0
S40,0.0,0.0,0.0
S41,0.0,0.0,0.0
S42,0.0,0.0,0.0
S43,0.0,0.0,0.0
S44,0.0,0.0,0.0
S45,0.0,0.0,0.0
S46,0.0,0.0,0.0
S48,0.0,0.0,0.0
S49,0.0,0.0,0.0
Sb103,0.0,0.0,0.0
Sb104,0.0,0.0,0.0
Sb105,0.0,0.0,0.0
Sb106,0.0,0.0,0.0
Sb107,0.0,0.0,0.0
Sb108,0.0,0.0,0.0
Sb109,0.0,0.0,0.0
Sb110,0.0,0.0,0.0
Sb111,0.0,0.0,0.0
Sb112,0.0,0.0,0.0
Sb113,0.0,0.0,0.0
Sb114,0.0,0.0,0.0
Sb115,0.0,0.0,0.0
Sb116,0.0,0.0,0.0
Sb116_m1,0.0,0.0,0.0
Sb117,0.0,0.0,0.0
Sb118,0.0,0.0,0.0
Sb118_m1,0.0,0.0,0.0
Sb119,0.0,0.0,0.0
Sb119_m1,0.0,0.0,0.0
Sb120,0.0,0.0,0.0
Sb120_m1,0.0,0.0,0.0
Sb121,0.0,0.0,0.0
Sb122,0.0,0.0,0.0
Sb122_m1,0.0,0.0,0.0
Sb123,0.0,0.0,0.0
Sb124,0.0,0.0,0.0
Sb124_m1,0.0,0.0,0.0
Sb124_m2,0.0,0.0,0.0
Sb125,0.0,0.0,0.0
Sb126,0.0,0.0,0.0
Sb126_m1,0.0,0.0,0.0
Sb126_m2,0.0,0.0,0.0
Sb127,0.0,0.0,0.0
Sb128,0.0,0.0,0.0
Sb128_m1,0.0,0.0,0.0
Sb129,0.0,0.0,0.0
Sb129_m1,0.0,0.0,0.0
Sb130,0.0,0.0,0.0
Sb130_m1,0.0,0.0,0.0
Sb131,0.0,0.0,0.0
Sb132,0.0,0.0,0.0
Sb132_m1,0.0,0.0,0.0
Sb133,0.0,0.0,0.0
Sb134,0.0,0.0,0.0
Sb134_m1,0.0,0.0,0.0
Sb135,0.0,0.0,0.0
Sb136,0.0,0.0,0.0
Sb137,0.0,0.0,0.0
Sb138,0.0,0.0,0.0
Sb139,0.0,0.0,0.0
Sc36,0.0,0.0,0.0
Sc37,0.0,0.0,0.0
Sc38,0.0,0.0,0.0
Sc39,0.0,0.0,0.0
Sc40,0.0,0.0,0.0
Sc41,0.0,0.0,0.0
Sc42,0.0,0.0,0.0
Sc42_m1,0.0,0.0,0.0
Sc43,0.0,0.0,0.0
Sc44,0.0,0.0,0.0
Sc44_m1,0.0,0.0,0.0
Sc45,0.0,0.0,0.0
Sc45_m1,0.0,0.0,0.0
Sc46,0.0,0.0,0.0
Sc46_m1,0.0,0.0,0.0
Sc47,0.0,0.0,0.0
Sc48,0.0,0.0,0.0
Sc49,0.0,0.0,0.0
Sc50,0.0,0.0,0.0
Sc50_m1,0.0,0.0,0.0
Sc51,0.0,0.0,0.0
Sc52,0.0,0.0,0.0
Sc53,0.0,0.0,0.0
Sc54,0.0,0.0,0.0
Sc55,0.0,0.0,0.0
Sc56,0.0,0.0,0.0
Sc57,0.0,0.0,0.0
Sc58,0.0,0.0,0.0
Sc59,0.0,0.0,0.0
Sc60,0.0,0.0,0.0
Se65,0.0,0.0,0.0
Se66,0.0,0.0,0.0
Se67,0.0,0.0,0.0
Se68,0.0,0.0,0.0
Se69,0.0,0.0,0.0
Se70,0.0,0.0,0.0
Se71,0.0,0.0,0.0
Se72,0.0,0.0,0.0
Se73,0.0,0.0,0.0
Se73_m1,0.0,0.0,0.0
Se74,0.0,0.0,0.0
Se75,0.0,0.0,0.0
Se76,0.0,0.0,0.0
Se77,0.0,0.0,0.0
Se77_m1,0.0,0.0,0.0
Se78,0.0,0.0,0.0
Se79,0.0,0.0,0.0
Se79_m1,0.0,0.0,0.0
Se80,0.0,0.0,0.0
Se81,0.0,0.0,0.0
Se81_m1,0.0,0.0,0.0
Se82,0.0,0.0,0.0
Se83,0.0,0.0,0.0
Se83_m1,0.0,0.0,0.0
Se84,0.0,0.0,0.0
Se85,0.0,0.0,0.0
Se86,0.0,0.0,0.0
Se87,0.0,0.0,0.0
Se88,0.0,0.0,0.0
Se89,0.0,0.0,0.0
Se90,0.0,0.0,0.0
Se91,0.0,0.0,0.0
Se92,0.0,0.0,0.0
Se93,0.0,0.0,0.0
Se94,0.0,0.0,0.0
Sg258,0.0,0.0,0.0
Sg259,0.0,0.0,0.0
Sg260,0.0,0.0,0.0
Sg261,0.0,0.0,0.0
Sg262,0.0,0.0,0.0
Sg263,0.0,0.0,0.0
Sg263_m1,0.0,0.0,0.0
Sg264,0.0,0.0,0.0
Sg265,0.0,0.0,0.0
Sg266,0.0,2.9607446106794168e-05,2.9607446106794168e-05
Sg269,0.0,-0.023734108366366708,-0.023734108366366708
Si22,0.0,0.0,0.0
Si23,0.0,0.0,0.0
Si24,0.0,0.0,0.0
Si25,0.0,0.0,0.0
Si26,0.0,0.0,0.0
Si27,0.0,0.0,0.0
Si28,0.0,0.0,0.0
Si29,0.0,0.0,0.0
Si30,0.0,0.0,0.0
Si31,0.0,0.0,0.0
Si32,0.0,0.0,0.0
Si33,0.0,0.0,0.0
Si34,0.0,0.0,0.0
Si35,0.0,0.0,0.0
Si36,0.0,0.0,0.0
Si37,0.0,0.0,0.0
Si38,0.0,0.0,0.0
Si39,0.0,0.0,0.0
Si40,0.0,0.0,0.0
Si41,0.0,0.0,0.0
Si42,0.0,0.0,0.0
Si43,0.0,0.0,0.0
Si44,0.0,0.0,0.0
Sm128,0.0,0.0,0.0
Sm129,0.0,0.0,0.0
Sm130,0.0,0.0,0.0
Sm131,0.0,0.0,0.0
Sm132,0.0,0.0,0.0
Sm133,0.0,0.0,0.0
Sm134,0.0,0.0,0.0
Sm135,0.0,0.0,0.0
Sm136,0.0,0.0,0.0
Sm137,0.0,0.0,0.0
Sm138,0.0,0.0,0.0
Sm139,0.0,0.0,0.0
Sm139_m1,0.0,0.0,0.0
Sm140,0.0,0.0,0.0
Sm141,0.0,0.0,0.0
Sm141_m1,0.0,0.0,0.0
Sm142,0.0,0.0,0.0
Sm143,0.0,0.0,0.0
Sm143_m1,0.0,0.0,0.0
Sm143_m2,0.0,0.0,0.0
Sm144,0.0,0.0,0.0
Sm145,0.0,0.0,0.0
Sm146,0.0,0.0,0.0
Sm147,0.0,0.0,0.0
Sm148,0.0,0.0,0.0
Sm149,3.237564e+21,3.237563999999999e+21,-1048576.0
Sm150,0.0,0.0,0.0
Sm151,1.1841639999999996e+21,1.1750852245829006e+21,-9.078775417098994e+18
Sm152,0.0,0.0,0.0
Sm153,0.0,0.0,0.0
Sm153_m1,0.0,0.0,0.0
Sm154,0.0,0.0,0.0
Sm155,0.0,0.0,0.0
Sm156,0.0,0.0,0.0
Sm157,0.0,0.0,0.0
Sm158,0.0,0.0,0.0
Sm159,0.0,0.0,0.0
Sm160,0.0,0.0,0.0
Sm161,0.0,0.0,0.0
Sm162,0.0,0.0,0.0
Sm163,0.0,0.0,0.0
Sm164,0.0,0.0,0.0
Sm165,0.0,0.0,0.0
Sn100,0.0,0.0,0.0
Sn101,0.0,0.0,0.0
Sn102,0.0,0.0,0.0
Sn103,0.0,0.0,0.0
Sn104,0.0,0.0,0.0
Sn105,0.0,0.0,0.0
Sn106,0.0,0.0,0.0
Sn107,0.0,0.0,0.0
Sn108,0.0,0.0,0.0
Sn109,0.0,0.0,0.0
Sn110,0.0,0.0,0.0
Sn111,0.0,0.0,0.0
Sn112,0.0,0.0,0.0
Sn113,0.0,0.0,0.0
Sn113_m1,0.0,0.0,0.0
Sn114,0.0,0.0,0.0
Sn115,0.0,0.0,0.0
Sn116,0.0,0.0,0.0
Sn117,0.0,0.0,0.0
Sn117_m1,0.0,0.0,0.0
Sn118,0.0,0.0,0.0
Sn119,0.0,0.0,0.0
Sn119_m1,0.0,0.0,0.0
Sn120,0.0,0.0,0.0
Sn121,0.0,0.0,0.0
Sn121_m1,0.0,0.0,0.0
Sn122,0.0,0.0,0.0
Sn123,0.0,0.0,0.0
Sn123_m1,0.0,0.0,0.0
Sn124,0.0,0.0,0.0
Sn125,0.0,0.0,0.0
Sn125_m1,0.0,0.0,0.0
Sn126,0.0,0.0,0.0
Sn127,0.0,0.0,0.0
Sn127_m1,0.0,0.0,0.0
Sn128,0.0,0.0,0.0
Sn128_m1,0.0,0.0,0.0
Sn129,0.0,0.0,0.0
Sn129_m1,0.0,0.0,0.0
Sn130,0.0,0.0,0.0
Sn130_m1,0.0,0.0,0.0
Sn131,0.0,0.0,0.0
Sn131_m1,0.0,0.0,0.0
Sn132,0.0,0.0,0.0
Sn133,0.0,0.0,0.0
Sn134,0.0,0.0,0.0
Sn135,0.0,0.0,0.0
Sn136,0.0,0.0,0.0
Sn137,0.0,0.0,0.0
Sn99,0.0,0.0,0.0
Sr100,0.0,0.0,0.0
Sr101,0.0,0.0,0.0
Sr102,0.0,0.0,0.0
Sr103,0.0,0.0,0.0
Sr104,0.0,0.0,0.0
Sr105,0.0,0.0,0.0
Sr73,0.0,0.0,0.0
Sr74,0.0,0.0,0.0
Sr75,0.0,0.0,0.0
Sr76,0.0,0.0,0.0
Sr77,0.0,0.0,0.0
Sr78,0.0,0.0,0.0
Sr79,0.0,0.0,0.0
Sr80,0.0,0.0,0.0
Sr81,0.0,0.0,0.0
Sr82,0.0,0.0,0.0
Sr83,0.0,0.0,0.0
Sr83_m1,0.0,0.0,0.0
Sr84,0.0,0.0,0.0
Sr85,0.0,0.0,0.0
Sr85_m1,0.0,0.0,0.0
Sr86,0.0,0.0,0.0
Sr87,0.0,0.0,0.0
Sr87_m1,0.0,0.0,0.0
Sr88,9.699088999999997e+21,9.699089e+21,2097152.0
Sr89,0.0,0.0,0.0
Sr90,1.1154759999999999e+22,1.0889584930573328e+22,-2.6517506942667063e+20
Sr91,0.0,0.0,0.0
Sr92,0.0,0.0,0.0
Sr93,0.0,0.0,0.0
Sr94,0.0,0.0,0.0
Sr95,0.0,-0.2555402490816714,-0.2555402490816714
Sr96,0.0,0.0,0.0
Sr97,0.0,0.0,0.0
Sr98,0.0,0.0,0.0
Sr99,0.0,0.0,0.0
Ta155,0.0,0.0,0.0
Ta156,0.0,0.0,0.0
Ta156_m1,0.0,0.0,0.0
Ta157,0.0,0.0,0.0
Ta157_m1,0.0,0.0,0.0
Ta157_m2,0.0,0.0,0.0
Ta158,0.0,0.0,0.0
Ta158_m1,0.0,0.0,0.0
Ta159,0.0,0.0,0.0
Ta159_m1,0.0,0.0,0.0
Ta160,0.0,0.0,0.0
Ta160_m1,0.0,0.0,0.0
Ta161,0.0,0.0,0.0
Ta162,0.0,0.0,0.0
Ta163,0.0,0.0,0.0
Ta164,0.0,0.0,0.0
Ta165,0.0,0.0,0.0
Ta166,0.0,0.0,0.0
Ta167,0.0,0.0,0.0
Ta168,0.0,0.0,0.0
Ta169,0.0,0.0,0.0
Ta170,0.0,0.0,0.0
Ta171,0.0,0.0,0.0
Ta172,0.0,0.0,0.0
Ta173,0.0,0.0,0.0
Ta174,0.0,0.0,0.0
Ta175,0.0,0.0,0.0
Ta176,0.0,0.0,0.0
Ta176_m1,0.0,0.0,0.0
Ta176_m2,0.0,0.0,0.0
Ta177,0.0,0.0,0.0
Ta178,0.0,0.0,0.0
Ta178_m1,0.0,0.0,0.0
Ta178_m2,0.0,0.0,0.0
Ta179,0.0,0.0,0.0
Ta179_m1,0.0,0.0,0.0
Ta179_m2,0.0,0.0,0.0
Ta180,0.0,0.0,0.0
Ta180_m1,0.0,0.0,0.0
Ta181,0.0,0.0,0.0
Ta182,0.0,0.0,0.0
Ta182_m1,0.0,0.0,0.0
Ta182_m2,0.0,0.0,0.0
Ta183,0.0,0.0,0.0
Ta184,0.0,0.0,0.0
Ta185,0.0,0.0,0.0
Ta185_m1,0.0,0.0,0.0
Ta186,0.0,0.0,0.0
Ta187,0.0,0.0,0.0
Ta188,0.0,0.0,0.0
Ta189,0.0,0.0,0.0
Ta190,0.0,0.0,0.0
Tb135,0.0,0.0,0.0
Tb136,0.0,0.0,0.0
Tb137,0.0,0.0,0.0
Tb138,0.0,0.0,0.0
Tb139,0.0,0.0,0.0
Tb140,0.0,0.0,0.0
Tb141,0.0,0.0,0.0
Tb141_m1,0.0,0.0,0.0
Tb142,0.0,0.0,0.0
Tb142_m1,0.0,0.0,0.0
Tb143,0.0,0.0,0.0
Tb143_m1,0.0,0.0,0.0
Tb144,0.0,0.0,0.0
Tb144_m1,0.0,0.0,0.0
Tb145,0.0,0.0,0.0
Tb145_m1,0.0,0.0,0.0
Tb146,0.0,0.0,0.0
Tb146_m1,0.0,0.0,0.0
Tb146_m2,0.0,0.0,0.0
Tb147,0.0,0.0,0.0
Tb147_m1,0.0,0.0,0.0
Tb148,0.0,0.0,0.0
Tb148_m1,0.0,0.0,0.0
Tb149,0.0,0.0,0.0
Tb149_m1,0.0,0.0,0.0
Tb150,0.0,0.0,0.0
Tb150_m1,0.0,0.0,0.0
Tb151,0.0,0.0,0.0
Tb151_m1,0.0,0.0,0.0
Tb152,0.0,0.0,0.0
Tb152_m1,0.0,0.0,0.0
Tb153,0.0,0.0,0.0
Tb154,0.0,0.0,0.0
Tb154_m1,0.0,0.0,0.0
Tb154_m2,0.0,0.0,0.0
Tb155,0.0,0.0,0.0
Tb156,0.0,0.0,0.0
Tb156_m1,0.0,0.0,0.0
Tb156_m2,0.0,0.0,0.0
Tb157,0.0,0.0,0.0
Tb158,0.0,0.0,0.0
Tb158_m1,0.0,0.0,0.0
Tb159,0.0,0.0,0.0
Tb160,0.0,0.0,0.0
Tb161,0.0,0.0,0.0
Tb162,0.0,0.0,0.0
Tb163,0.0,0.0,0.0
Tb164,0.0,0.0,0.0
Tb165,0.0,0.0,0.0
Tb166,0.0,0.0,0.0
Tb167,0.0,0.0,0.0
Tb168,0.0,0.0,0.0
Tb169,0.0,0.0,0.0
Tb170,0.0,0.0,0.0
Tb171,0.0,0.0,0.0
Tc100,0.0,0.0,0.0
Tc101,0.0,0.0,0.0
Tc102,0.0,0.0,0.0
Tc102_m1,0.0,0.0,0.0
Tc103,0.0,0.0,0.0
Tc104,0.0,0.0,0.0
Tc105,0.0,0.0,0.0
Tc106,0.0,0.0,0.0
Tc107,0.0,0.0,0.0
Tc108,0.0,0.0,0.0
Tc109,0.0,0.0,0.0
Tc110,0.0,0.0,0.0
Tc111,0.0,0.0,0.0
Tc112,0.0,0.0,0.0
Tc113,0.0,0.0,0.0
Tc114,0.0,0.0,0.0
Tc115,0.0,0.0,0.0
Tc116,0.0,0.0,0.0
Tc117,0.0,0.0,0.0
Tc118,0.0,0.0,0.0
Tc85,0.0,0.0,0.0
Tc86,0.0,0.0,0.0
Tc86_m1,0.0,0.0,0.0
Tc87,0.0,0.0,0.0
Tc88,0.0,0.0,0.0
Tc88_m1,0.0,0.0,0.0
Tc89,0.0,0.0,0.0
Tc89_m1,0.0,0.0,0.0
Tc90,0.0,0.0,0.0
Tc90_m1,0.0,0.0,0.0
Tc91,0.0,0.0,0.0
Tc91_m1,0.0,0.0,0.0
Tc92,0.0,0.0,0.0
Tc93,0.0,0.0,0.0
Tc93_m1,0.0,0.0,0.0
Tc94,0.0,0.0,0.0
Tc94_m1,0.0,0.0,0.0
Tc95,0.0,0.0,0.0
Tc95_m1,0.0,0.0,0.0
Tc96,0.0,0.0,0.0
Tc96_m1,0.0,0.0,0.0
Tc97,0.0,0.0,0.0
Tc97_m1,0.0,0.0,0.0
Tc98,0.0,0.0,0.0
Tc99,1.779623e+22,1.7796171606148644e+22,-5.839385135572582e+16
Tc99_m1,0.0,0.0,0.0
Te105,0.0,0.0,0.0
Te106,0.0,0.0,0.0
Te107,0.0,0.0,0.0
Te108,0.0,0.0,0.0
Te109,0.0,0.0,0.0
Te110,0.0,0.0,0.0
Te111,0.0,0.0,0.0
Te112,0.0,0.0,0.0
Te113,0.0,0.0,0.0
Te114,0.0,0.0,0.0
Te115,0.0,0.0,0.0
Te115_m1,0.0,0.0,0.0
Te116,0.0,0.0,0.0
Te117,0.0,0.0,0.0
Te117_m1,0.0,0.0,0.0
Te118,0.0,0.0,0.0
Te119,0.0,0.0,0.0
Te119_m1,0.0,0.0,0.0
Te120,0.0,0.0,0.0
Te121,0.0,0.0,0.0
Te121_m1,0.0,0.0,0.0
Te122,0.0,0.0,0.0
Te123,0.0,0.0,0.0
Te123_m1,0.0,0.0,0.0
Te124,0.0,0.0,0.0
Te125,0.0,0.0,0.0
Te125_m1,0.0,0.0,0.0
Te126,0.0,0.0,0.0
Te127,0.0,0.0,0.0
Te127_m1,0.0,0.0,0.0
Te128,0.0,0.0,0.0
Te129,0.0,0.0,0.0
Te129_m1,0.0,0.0,0.0
Te130,0.0,0.0,0.0
Te131,0.0,0.0,0.0
Te131_m1,0.0,0.0,0.0
Te132,0.0,0.0,0.0
Te133,0.0,0.0,0.0
Te133_m1,0.0,0.0,0.0
Te134,0.0,0.0,0.0
Te135,0.0,0.0,0.0
Te136,0.0,0.0,0.0
Te137,0.0,0.0,0.0
Te138,0.0,0.0,0.0
Te139,0.0,0.0,0.0
Te140,0.0,0.0,0.0
Te141,0.0,0.0,0.0
Te142,0.0,0.0,0.0
Th209,0.0,0.0,0.0
Th210,0.0,0.0,0.0
Th211,0.0,0.0,0.0
Th212,0.0,0.0,0.0
Th213,0.0,0.0,0.0
Th214,0.0,0.0,0.0
Th215,0.0,0.0,0.0
Th216,0.0,0.0,0.0
Th217,0.0,0.0,0.0
Th218,0.0,0.0,0.0
Th219,0.0,0.0,0.0
Th220,0.0,0.0,0.0
Th221,0.0,0.0,0.0
Th222,0.0,-1.1666885666163221e-06,-1.1666885666163221e-06
Th223,0.0,0.0,0.0
Th224,0.0,0.0006345682123093504,0.0006345682123093504
Th225,0.0,0.0,0.0
Th226,0.0,0.0,0.0
Th227,0.0,22160008.52954643,22160008.52954643
Th228,0.0,1658.1179827841738,1658.1179827841738
Th229,0.0,1211335796.06289,1211335796.06289
Th230,0.0,501797391789206.3,501797391789206.3
Th231,0.0,4489439359128.681,4489439359128.681
Th232,0.0,1736853575666383.5,1736853575666383.5
Th233,0.0,0.0,0.0
Th234,0.0,89993729414131.34,89993729414131.34
Th235,0.0,0.0,0.0
Th236,0.0,0.0,0.0
Th237,0.0,0.0,0.0
Th238,0.0,0.0,0.0
Ti38,0.0,0.0,0.0
Ti39,0.0,0.0,0.0
Ti40,0.0,0.0,0.0
Ti41,0.0,0.0,0.0
Ti42,0.0,0.0,0.0
Ti43,0.0,0.0,0.0
Ti44,0.0,0.0,0.0
Ti45,0.0,0.0,0.0
Ti46,0.0,0.0,0.0
Ti47,0.0,0.0,0.0
Ti48,0.0,0.0,0.0
Ti49,0.0,0.0,0.0
Ti50,0.0,0.0,0.0
Ti51,0.0,0.0,0.0
Ti52,0.0,0.0,0.0
Ti53,0.0,0.0,0.0
Ti54,0.0,0.0,0.0
Ti55,0.0,0.0,0.0
Ti56,0.0,0.0,0.0
Ti57,0.0,0.0,0.0
Ti58,0.0,0.0,0.0
Ti59,0.0,0.0,0.0
Ti60,0.0,0.0,0.0
Ti61,0.0,0.0,0.0
Ti62,0.0,0.0,0.0
Ti63,0.0,0.0,0.0
Tl176,0.0,0.0,0.0
Tl177,0.0,0.0,0.0
Tl178,0.0,0.0,0.0
Tl179,0.0,0.0,0.0
Tl179_m1,0.0,0.0,0.0
Tl180,0.0,0.0,0.0
Tl181,0.0,0.0,0.0
Tl181_m1,0.0,0.0,0.0
Tl182,0.0,0.0,0.0
Tl183,0.0,0.0,0.0
Tl183_m1,0.0,0.0,0.0
Tl184,0.0,0.0,0.0
Tl185,0.0,0.0,0.0
Tl185_m1,0.0,0.0,0.0
Tl186,0.0,0.0,0.0
Tl186_m1,0.0,0.0,0.0
Tl187,0.0,0.0,0.0
Tl187_m1,0.0,0.0,0.0
Tl188,0.0,0.0,0.0
Tl188_m1,0.0,0.0,0.0
Tl188_m2,0.0,0.0,0.0
Tl189,0.0,0.0,0.0
Tl189_m1,0.0,0.0,0.0
Tl190,0.0,0.0,0.0
Tl190_m1,0.0,0.0,0.0
Tl191,0.0,0.0,0.0
Tl191_m1,0.0,0.0,0.0
Tl192,0.0,0.0,0.0
Tl192_m1,0.0,0.0,0.0
Tl193,0.0,0.0,0.0
Tl193_m1,0.0,0.0,0.0
Tl194,0.0,0.0,0.0
Tl194_m1,0.0,0.0,0.0
Tl195,0.0,0.0,0.0
Tl195_m1,0.0,0.0,0.0
Tl196,0.0,0.0,0.0
Tl196_m1,0.0,0.0,0.0
Tl197,0.0,0.0,0.0
Tl197_m1,0.0,0.0,0.0
Tl198,0.0,0.0,0.0
Tl198_m1,0.0,0.0,0.0
Tl198_m2,0.0,0.0,0.0
Tl199,0.0,0.0,0.0
Tl199_m1,0.0,0.0,0.0
Tl200,0.0,0.0,0.0
Tl200_m1,0.0,0.0,0.0
Tl201,0.0,0.0,0.0
Tl201_m1,0.0,0.0,0.0
Tl202,0.0,0.0,0.0
Tl203,0.0,0.0,0.0
Tl204,0.0,0.0,0.0
Tl205,0.0,3.8782986745252483e-16,3.8782986745252483e-16
Tl206,0.0,1.431607545129102e-07,1.431607545129102e-07
Tl206_m1,0.0,0.0,0.0
Tl207,0.0,3614.4506763130566,3614.4506763130566
Tl207_m1,0.0,0.0,0.0
Tl208,0.0,0.0016966519501061593,0.0016966519501061593
Tl209,0.0,0.0121583892595499,0.0121583892595499
Tl210,0.0,0.0007247200191093229,0.0007247200191093229
Tl211,0.0,0.0,0.0
Tl212,0.0,0.0,0.0
Tm145,0.0,0.0,0.0
Tm146,0.0,0.0,0.0
Tm146_m1,0.0,0.0,0.0
Tm147,0.0,0.0,0.0
Tm148,0.0,0.0,0.0
Tm149,0.0,0.0,0.0
Tm150,0.0,0.0,0.0
Tm150_m1,0.0,0.0,0.0
Tm151,0.0,0.0,0.0
Tm151_m1,0.0,0.0,0.0
Tm152,0.0,0.0,0.0
Tm152_m1,0.0,0.0,0.0
Tm153,0.0,0.0,0.0
Tm153_m1,0.0,0.0,0.0
Tm154,0.0,0.0,0.0
Tm154_m1,0.0,0.0,0.0
Tm155,0.0,0.0,0.0
Tm155_m1,0.0,0.0,0.0
Tm156,0.0,0.0,0.0
Tm157,0.0,0.0,0.0
Tm158,0.0,0.0,0.0
Tm159,0.0,0.0,0.0
Tm160,0.0,0.0,0.0
Tm160_m1,0.0,0.0,0.0
Tm161,0.0,0.0,0.0
Tm162,0.0,0.0,0.0
Tm162_m1,0.0,0.0,0.0
Tm163,0.0,0.0,0.0
Tm164,0.0,0.0,0.0
Tm164_m1,0.0,0.0,0.0
Tm165,0.0,0.0,0.0
Tm166,0.0,0.0,0.0
Tm166_m1,0.0,0.0,0.0
Tm167,0.0,0.0,0.0
Tm168,0.0,0.0,0.0
Tm169,0.0,0.0,0.0
Tm170,0.0,0.0,0.0
Tm171,0.0,0.0,0.0
Tm172,0.0,0.0,0.0
Tm173,0.0,0.0,0.0
Tm174,0.0,0.0,0.0
Tm175,0.0,0.0,0.0
Tm176,0.0,0.0,0.0
Tm177,0.0,0.0,0.0
Tm178,0.0,0.0,0.0
Tm179,0.0,0.0,0.0
U217,0.0,0.0,0.0
U218,0.0,0.0,0.0
U219,0.0,0.0,0.0
U220,0.0,0.0,0.0
U222,0.0,0.0,0.0
U223,0.0,0.0,0.0
U224,0.0,0.0,0.0
U225,0.0,0.0,0.0
U226,0.0,-0.00018253971864663543,-0.00018253971864663543
U227,0.0,0.0,0.0
U228,0.0,0.3473565728551564,0.3473565728551564
U229,0.0,0.0,0.0
U230,0.0,0.0,0.0
U231,0.0,0.0,0.0
U232,0.0,0.0,0.0
U233,0.0,614539353954588.1,614539353954588.1
U234,1.773955e+20,1.7830329965874358e+20,9.077996587435622e+17
U235,1.0853249999999999e+24,1.0853290186994017e+24,4.0186994018106737e+18
U235_m1,0.0,286759115762603.56,286759115762603.56
U236,5.872472999999999e+22,5.872499311354863e+22,2.6311354864369664e+17
U237,0.0,766983493049.7179,766983493049.7179
U238,6.094101999999999e+24,6.094101999056005e+24,-943994083213312.0
U239,0.0,0.0,0.0
U240,0.0,0.0,0.0
U241,0.0,0.0,0.0
U242,0.0,0.0,0.0
V40,0.0,0.0,0.0
V41,0.0,0.0,0.0
V42,0.0,0.0,0.0
V43,0.0,0.0,0.0
V44,0.0,0.0,0.0
V44_m1,0.0,0.0,0.0
V45,0.0,0.0,0.0
V46,0.0,0.0,0.0
V46_m1,0.0,0.0,0.0
V47,0.0,0.0,0.0
V48,0.0,0.0,0.0
V49,0.0,0.0,0.0
V50,0.0,0.0,0.0
V51,0.0,0.0,0.0
V52,0.0,0.0,0.0
V53,0.0,0.0,0.0
V54,0.0,0.0,0.0
V55,0.0,0.0,0.0
V56,0.0,0.0,0.0
V57,0.0,0.0,0.0
V58,0.0,0.0,0.0
V59,0.0,0.0,0.0
V60,0.0,0.0,0.0
V61,0.0,0.0,0.0
V62,0.0,0.0,0.0
V63,0.0,0.0,0.0
V64,0.0,0.0,0.0
V65,0.0,0.0,0.0
W158,0.0,0.0,0.0
W159,0.0,0.0,0.0
W160,0.0,0.0,0.0
W161,0.0,0.0,0.0
W162,0.0,0.0,0.0
W163,0.0,0.0,0.0
W164,0.0,0.0,0.0
W165,0.0,0.0,0.0
W166,0.0,0.0,0.0
W167,0.0,0.0,0.0
W168,0.0,0.0,0.0
W169,0.0,0.0,0.0
W170,0.0,0.0,0.0
W171,0.0,0.0,0.0
W172,0.0,0.0,0.0
W173,0.0,0.0,0.0
W174,0.0,0.0,0.0
W175,0.0,0.0,0.0
W176,0.0,0.0,0.0
W177,0.0,0.0,0.0
W178,0.0,0.0,0.0
W179,0.0,0.0,0.0
W179_m1,0.0,0.0,0.0
W180,0.0,0.0,0.0
W180_m1,0.0,0.0,0.0
W181,0.0,0.0,0.0
W182,0.0,0.0,0.0
W183,0.0,0.0,0.0
W183_m1,0.0,0.0,0.0
W184,0.0,0.0,0.0
W185,0.0,0.0,0.0
W185_m1,0.0,0.0,0.0
W186,0.0,0.0,0.0
W186_m1,0.0,0.0,0.0
W187,0.0,0.0,0.0
W188,0.0,0.0,0.0
W189,0.0,0.0,0.0
W190,0.0,0.0,0.0
W190_m1,0.0,0.0,0.0
W191,0.0,0.0,0.0
W192,0.0,0.0,0.0
Xe110,0.0,0.0,0.0
Xe111,0.0,0.0,0.0
Xe112,0.0,0.0,0.0
Xe113,0.0,0.0,0.0
Xe114,0.0,0.0,0.0
Xe115,0.0,0.0,0.0
Xe116,0.0,0.0,0.0
Xe117,0.0,0.0,0.0
Xe118,0.0,0.0,0.0
Xe119,0.0,0.0,0.0
Xe120,0.0,0.0,0.0
Xe121,0.0,0.0,0.0
Xe122,0.0,0.0,0.0
Xe123,0.0,0.0,0.0
Xe124,0.0,0.0,0.0
Xe125,0.0,0.0,0.0
Xe125_m1,0.0,0.0,0.0
Xe126,1609096999999999.8,1609096999999998.8,-1.0
Xe127,0.0,0.0,0.0
Xe127_m1,0.0,0.0,0.0
Xe128,1.0453779999999998e+19,1.0453779999999994e+19,-4096.0
Xe129,0.0,0.0,0.0
Xe129_m1,0.0,0.0,0.0
Xe130,2.9055409999999996e+19,2.9055410000000004e+19,8192.0
Xe131,8.785747e+21,8.785746999999998e+21,-2097152.0
Xe131_m1,0.0,0.0,0.0
Xe132,1.336167e+22,1.3361669999999985e+22,-14680064.0
Xe132_m1,0.0,0.0,0.0
Xe133,0.0,0.0,0.0
Xe133_m1,0.0,0.0,0.0
Xe134,2.3350159999999997e+22,2.3350159999999964e+22,-33554432.0
Xe134_m1,0.0,0.0,0.0
Xe135,0.0,23246.897933549015,23246.897933549015
Xe135_m1,0.0,-1175.1476938542828,-1175.1476938542828
Xe136,1.9299349999999995e+22,1.9299349999999986e+22,-8388608.0
Xe137,0.0,0.0,0.0
Xe138,0.0,0.0,0.0
Xe139,0.0,0.0,0.0
Xe140,0.0,0.0,0.0
Xe141,0.0,0.0,0.0
Xe142,0.0,0.0,0.0
Xe143,0.0,0.0,0.0
Xe144,0.0,0.0,0.0
Xe145,0.0,0.0,0.0
Xe146,0.0,0.0,0.0
Xe147,0.0,0.0,0.0
Y100,0.0,0.0,0.0
Y100_m1,0.0,0.0,0.0
Y101,0.0,0.0,0.0
Y102,0.0,0.0,0.0
Y102_m1,0.0,0.0,0.0
Y103,0.0,0.0,0.0
Y104,0.0,0.0,0.0
Y105,0.0,0.0,0.0
Y106,0.0,0.0,0.0
Y107,0.0,0.0,0.0
Y108,0.0,0.0,0.0
Y76,0.0,0.0,0.0
Y77,0.0,0.0,0.0
Y78,0.0,0.0,0.0
Y78_m1,0.0,0.0,0.0
Y79,0.0,0.0,0.0
Y80,0.0,0.0,0.0
Y80_m1,0.0,0.0,0.0
Y81,0.0,0.0,0.0
Y82,0.0,0.0,0.0
Y83,0.0,0.0,0.0
Y83_m1,0.0,0.0,0.0
Y84,0.0,0.0,0.0
Y84_m1,0.0,0.0,0.0
Y85,0.0,0.0,0.0
Y85_m1,0.0,0.0,0.0
Y86,0.0,0.0,0.0
Y86_m1,0.0,0.0,0.0
Y87,0.0,0.0,0.0
Y87_m1,0.0,0.0,0.0
Y88,0.0,0.0,0.0
Y88_m1,0.0,0.0,0.0
Y88_m2,0.0,0.0,0.0
Y89,1.295957e+22,1.2959570000000005e+22,4194304.0
Y89_m1,0.0,0.0,0.0
Y90,0.0,2.762220340594189e+18,2.762220340594189e+18
Y90_m1,0.0,0.0,0.0
Y91,0.0,0.0,0.0
Y91_m1,0.0,0.0,0.0
Y92,0.0,0.0,0.0
Y93,0.0,9.370589190018,9.370589190018
Y93_m1,0.0,-0.0021613448114997376,-0.0021613448114997376
Y94,0.0,0.0,0.0
Y95,0.0,-6.5667132556253005,-6.5667132556253005
Y96,0.0,0.0,0.0
Y96_m1,0.0,0.0,0.0
Y97,0.0,0.0,0.0
Y97_m1,0.0,0.0,0.0
Y97_m2,0.0,0.0,0.0
Y98,0.0,0.0,0.0
Y98_m1,0.0,0.0,0.0
Y99,0.0,0.0,0.0
Yb148,0.0,0.0,0.0
Yb149,0.0,0.0,0.0
Yb150,0.0,0.0,0.0
Yb151,0.0,0.0,0.0
Yb151_m1,0.0,0.0,0.0
Yb152,0.0,0.0,0.0
Yb153,0.0,0.0,0.0
Yb154,0.0,0.0,0.0
Yb155,0.0,0.0,0.0
Yb156,0.0,0.0,0.0
Yb157,0.0,0.0,0.0
Yb158,0.0,0.0,0.0
Yb159,0.0,0.0,0.0
Yb160,0.0,0.0,0.0
Yb161,0.0,0.0,0.0
Yb162,0.0,0.0,0.0
Yb163,0.0,0.0,0.0
Yb164,0.0,0.0,0.0
Yb165,0.0,0.0,0.0
Yb166,0.0,0.0,0.0
Yb167,0.0,0.0,0.0
Yb168,0.0,0.0,0.0
Yb169,0.0,0.0,0.0
Yb169_m1,0.0,0.0,0.0
Yb170,0.0,0.0,0.0
Yb171,0.0,0.0,0.0
Yb171_m1,0.0,0.0,0.0
Yb172,0.0,0.0,0.0
Yb173,0.0,0.0,0.0
Yb174,0.0,0.0,0.0
Yb175,0.0,0.0,0.0
Yb175_m1,0.0,0.0,0.0
Yb176,0.0,0.0,0.0
Yb176_m1,0.0,0.0,0.0
Yb177,0.0,0.0,0.0
Yb177_m1,0.0,0.0,0.0
Yb178,0.0,0.0,0.0
Yb179,0.0,0.0,0.0
Yb180,0.0,0.0,0.0
Yb181,0.0,0.0,0.0
Zn54,0.0,0.0,0.0
Zn55,0.0,0.0,0.0
Zn56,0.0,0.0,0.0
Zn57,0.0,0.0,0.0
Zn58,0.0,0.0,0.0
Zn59,0.0,0.0,0.0
Zn60,0.0,0.0,0.0
Zn61,0.0,0.0,0.0
Zn61_m1,0.0,0.0,0.0
Zn61_m2,0.0,0.0,0.0
Zn62,0.0,0.0,0.0
Zn63,0.0,0.0,0.0
Zn64,0.0,0.0,0.0
Zn65,0.0,0.0,0.0
Zn66,0.0,0.0,0.0
Zn67,0.0,0.0,0.0
Zn68,0.0,0.0,0.0
Zn69,0.0,0.0,0.0
Zn69_m1,0.0,0.0,0.0
Zn70,0.0,0.0,0.0
Zn71,0.0,0.0,0.0
Zn71_m1,0.0,0.0,0.0
Zn72,0.0,0.0,0.0
Zn73,0.0,0.0,0.0
Zn73_m1,0.0,0.0,0.0
Zn73_m2,0.0,0.0,0.0
Zn74,0.0,0.0,0.0
Zn75,0.0,0.0,0.0
Zn76,0.0,0.0,0.0
Zn77,0.0,0.0,0.0
Zn77_m1,0.0,0.0,0.0
Zn78,0.0,0.0,0.0
Zn79,0.0,0.0,0.0
Zn80,0.0,0.0,0.0
Zn81,0.0,0.0,0.0
Zn82,0.0,0.0,0.0
Zn83,0.0,0.0,0.0
Zr100,0.0,0.0,0.0
Zr101,0.0,0.0,0.0
Zr102,0.0,0.0,0.0
Zr103,0.0,0.0,0.0
Zr104,0.0,0.0,0.0
Zr105,0.0,0.0,0.0
Zr106,0.0,0.0,0.0
Zr107,0.0,0.0,0.0
Zr108,0.0,0.0,0.0
Zr109,0.0,0.0,0.0
Zr110,0.0,0.0,0.0
Zr78,0.0,0.0,0.0
Zr79,0.0,0.0,0.0
Zr80,0.0,0.0,0.0
Zr81,0.0,0.0,0.0
Zr82,0.0,0.0,0.0
Zr83,0.0,0.0,0.0
Zr84,0.0,0.0,0.0
Zr85,0.0,0.0,0.0
Zr85_m1,0.0,0.0,0.0
Zr86,0.0,0.0,0.0
Zr87,0.0,0.0,0.0
Zr87_m1,0.0,0.0,0.0
Zr88,0.0,0.0,0.0
Zr89,0.0,0.0,0.0
Zr89_m1,0.0,0.0,0.0
Zr90,1.146431e+24,1.1466934128490828e+24,2.6241284908282544e+20
Zr90_m1,0.0,0.0,0.0
Zr91,2.6597e+23,2.6597000000000006e+23,67108864.0
Zr92,3.978154999999999e+23,3.978154999999994e+23,-536870912.0
Zr93,1.941067e+22,1.9410661212257006e+22,-8787742993416192.0
Zr94,4.0367969999999995e+23,4.0367969999999995e+23,0.0
Zr95,1.6434029999999998e+20,3.1607519919240714e+18,-1.6117954800807592e+20
Zr96,8.073936e+22,8.073936e+22,0.0
Zr97,0.0,0.0,0.0
Zr98,0.0,0.0,0.0
Zr99,0.0,0.0,0.0
